tran,trd,prc,pos,avgcost,absCum,avgcost2,avgcost3
open,95100,43.2353,95100,43.2353,95100,43.2353,43.2353
Sell,-400,42.37,94700,43.23168,95500,43.23168,43.23895
Sell,-200,42.37,94500,43.22986,95700,43.22987,43.24079
Sell,-200,42.37,94300,43.22804,95900,43.22808,43.24264
Sell,-100,42.28,94200,43.22704,96000,43.22709,43.24366
Sell,-300,42.28,93900,43.22403,96300,43.22414,43.24674
Sell,-400,42.28,93500,43.22003,96700,43.22024,43.25088
Sell,-200,42.28,93300,43.21802,96900,43.2183,43.25296
Sell,-200,42.28,93100,43.21602,97100,43.21636,43.25505
Sell,-400,42.28,92700,43.21201,97500,43.21252,43.25926
Sell,-400,42.28,92300,43.20801,97900,43.20871,43.2635
Sell,-400,42.28,91900,43.204,98300,43.20493,43.26778
Sell,-400,42.28,91500,43.2,98700,43.20119,43.2721
Sell,-10100,42.28,81400,43.10854,108800,43.11567,43.3952
Sell,-200,42.28,81200,43.10651,109000,43.11414,43.39794
Sell,-154,42.28,81046,43.10495,109154,43.11296,43.40007
Sell,-46,42.28,81000,43.10448,109200,43.11261,43.4007
Sell,-500,42.28,80500,43.09942,109700,43.10882,43.40766
Sell,-100,42.28,80400,43.0984,109800,43.10806,43.40907
Sell,-100,42.28,80300,43.09739,109900,43.10731,43.41047
Sell,-300,42.28,80000,43.09434,110200,43.10505,43.41471
Sell,-200,42.28,79800,43.09231,110400,43.10356,43.41756
Sell,-300,42.28,79500,43.08927,110700,43.10133,43.42185
Sell,-100,42.28,79400,43.08825,110800,43.10059,43.42329
Sell,-300,42.28,79100,43.08521,111100,43.09837,43.42762
Sell,-300,42.28,78800,43.08217,111400,43.09617,43.43199
Sell,-300,42.28,78500,43.07913,111700,43.09398,43.4364
Sell,-300,42.28,78200,43.07609,112000,43.09179,43.44083
Sell,-100,42.28,78100,43.07507,112100,43.09107,43.44232
Sell,-100,42.28,78000,43.07405,112200,43.09035,43.44381
Sell,-100,42.28,77900,43.07304,112300,43.08963,43.4453
Sell,-400,42.28,77500,43.06898,112700,43.08675,43.45132
Sell,-100,42.28,77400,43.06797,112800,43.08604,43.45283
Sell,-200,42.28,77200,43.06594,113000,43.08461,43.45587
Sell,-300,42.28,76900,43.06289,113300,43.08248,43.46046
Sell,-200,42.28,76700,43.06086,113500,43.08107,43.46353
Sell,-200,42.28,76500,43.05883,113700,43.07966,43.46663
Sell,-300,42.28,76200,43.05579,114000,43.07755,43.4713
Sell,-300,42.28,75900,43.05275,114300,43.07546,43.47601
Sell,-200,42.28,75700,43.05072,114500,43.07407,43.47917
Sell,-800,42.28,74900,43.04266,115300,43.06856,43.49198
Sell,-100,42.28,74800,43.04164,115400,43.06788,43.4936
Sell,-200,42.33,74600,43.03974,115600,43.0666,43.49672
Sell,-100,42.34,74500,43.03881,115700,43.06597,43.49827
Sell,-100,42.39,74400,43.03794,115800,43.06539,43.49976
Sell,-200,42.41,74200,43.03625,116000,43.06426,43.5027
Sell,-200,42.41,74000,43.03457,116200,43.06313,43.50565
Sell,-100,42.51,73900,43.03386,116300,43.06266,43.507
Sell,-100,42.51,73800,43.03315,116400,43.06218,43.50835
Sell,-200,42.51,73600,43.03174,116600,43.06124,43.51106
Sell,-100,42.67,73500,43.03125,116700,43.0609,43.5122
Sell,-500,42.68,73000,43.02888,117200,43.05928,43.5179
Sell,-100,42.68,72900,43.0284,117300,43.05895,43.51905
Sell,-600,42.73,72300,43.02596,117900,43.05728,43.5256
Sell,-100,42.72,72200,43.02554,118000,43.05699,43.52672
Sell,-100,42.71,72100,43.0251,118100,43.0567,43.52785
Sell,-300,42.71,71800,43.0238,118400,43.05582,43.53127
Sell,-500,42.71,71300,43.02163,118900,43.05437,43.53703
Sell,-300,42.71,71000,43.02032,119200,43.0535,43.54052
Sell,-300,42.71,70700,43.01902,119500,43.05264,43.54405
Sell,-100,42.71,70600,43.01858,119600,43.05235,43.54523
Sell,-100,42.71,70500,43.01814,119700,43.05206,43.54641
Sell,-100,42.72,70400,43.01772,119800,43.05179,43.54759
Sell,-100,42.71,70300,43.01728,119900,43.0515,43.54878
Sell,-100,42.71,70200,43.01685,120000,43.05122,43.54997
Sell,-100,42.71,70100,43.01641,120100,43.05093,43.55117
Sell,-100,42.71,70000,43.01597,120200,43.05065,43.55237
Sell,-100,42.71,69900,43.01554,120300,43.05037,43.55358
Sell,-100,42.71,69800,43.0151,120400,43.05008,43.55479
Sell,-800,42.68,69000,43.0113,121200,43.04764,43.56493
Sell,-600,42.71,68400,43.00871,121800,43.04598,43.57243
Sell,-800,42.71,67600,43.00525,122600,43.04378,43.58263
Sell,-900,42.72,66700,43.00151,123500,43.04143,43.59427
Sell,-600,42.73,66100,42.99909,124100,43.03992,43.60212
Sell,-600,42.73,65500,42.99666,124700,43.03843,43.61011
Sell,-100,42.58,65400,42.99603,124800,43.03806,43.61168
Sell,-200,42.58,65200,42.99476,125000,43.03733,43.61485
Sell,-400,42.58,64800,42.99223,125400,43.03587,43.62124
Sell,-200,42.47,64600,42.99063,125600,43.03497,43.62480
Sell,-400,42.47,64200,42.98742,126000,43.03317,43.63199
Sell,-200,42.48,64000,42.98585,126200,43.0323,43.63559
Sell,-600,42.46,63400,42.98096,126800,43.02959,43.64672
Sell,-200,42.46,63200,42.97932,127000,43.02869,43.65048
Sell,-392,42.48,62808,42.97625,127392,43.027,43.65778
Sell,-300,42.48,62508,42.97389,127692,43.02572,43.66343
Sell,-8,42.48,62500,42.97382,127700,43.02569,43.66358
Sell,-100,42.46,62400,42.973,127800,43.02524,43.66551
Sell,-100,42.48,62300,42.97221,127900,43.02482,43.66742
Sell,-600,42.48,61700,42.96752,128500,43.02227,43.67896
Sell,-700,42.58,61000,42.96317,129200,43.01988,43.69157
Sell,-100,42.57,60900,42.96253,129300,43.01953,43.69342
Sell,-600,42.57,60300,42.9587,129900,43.01745,43.70459
Sell,-100,42.58,60200,42.95807,130000,43.01712,43.70646
Sell,-700,42.58,59500,42.95373,130700,43.01477,43.71971
Sell,-100,42.58,59400,42.9531,130800,43.01444,43.72163
Sell,-700,42.58,58700,42.94875,131500,43.01213,43.73525
Sell,-100,42.56,58600,42.94809,131600,43.01179,43.73725
Sell,-300,42.55,58300,42.94606,131900,43.01074,43.74336
Sell,-400,42.55,57900,42.94337,132300,43.00934,43.75161
Sell,-900,42.56,57000,42.9375,133200,43.00631,43.77042
Sell,-200,42.59,56800,42.93628,133400,43.00568,43.77458
Sell,-200,42.63,56600,42.93521,133600,43.00512,43.77862
Sell,-200,42.63,56400,42.93413,133800,43.00456,43.7827
Sell,-100,42.63,56300,42.93359,133900,43.00428,43.78474
Sell,-300,42.63,56000,42.93199,134200,43.00344,43.79093
Sell,-200,42.61,55800,42.93084,134400,43.00286,43.79516
Sell,-100,42.61,55700,42.93027,134500,43.00257,43.79729
Sell,-300,42.61,55400,42.92855,134800,43.00169,43.80372
Sell,-200,42.6,55200,42.92737,135000,43.0011,43.80808
Sell,-100,42.6,55100,42.92678,135100,43.0008,43.81027
Sell,-100,42.6,55000,42.92618,135200,43.0005,43.81247
Sell,-200,42.61,54800,42.92504,135400,42.99993,43.81686
Sell,-700,42.6,54100,42.92094,136100,42.99787,43.83261
Sell,-100,42.61,54000,42.92037,136200,42.99758,43.83487
Sell,-100,42.61,53900,42.91979,136300,42.9973,43.83714
Sell,-400,42.61,53500,42.91751,136700,42.99617,43.84632
Sell,-500,42.66,53000,42.91513,137200,42.99494,43.85751
Sell,-100,42.66,52900,42.91464,137300,42.9947,43.85977
Sell,-600,42.64,52300,42.91156,137900,42.99315,43.87377
Sell,-700,42.52,51600,42.90639,138600,42.99077,43.89213
Sell,-82,42.51,51518,42.90576,138682,42.99048,43.89433
Sell,-400,42.49,51118,42.90256,139082,42.98904,43.90532
Sell,-400,42.48,50718,42.89928,139482,42.98758,43.91656
Sell,-150,42.49,50568,42.89807,139632,42.98705,43.92079
Sell,-500,42.49,50068,42.89408,140132,42.98527,43.93508
Sell,-50,42.49,50018,42.89367,140182,42.9851,43.93653
Sell,-200,42.48,49818,42.89203,140382,42.98438,43.94237
Sell,-100,42.48,49718,42.8912,140482,42.98402,43.94532
Sell,-100,42.48,49618,42.89038,140582,42.98366,43.94827
Sell,-300,42.48,49318,42.88791,140882,42.98259,43.9572
Sell,-200,42.49,49118,42.8863,141082,42.98189,43.96317
Sell,-618,42.49,48500,42.88138,141700,42.97974,43.98195
Sell,-900,42.47,47600,42.87388,142600,42.97653,44.01053
Sell,-300,42.49,47300,42.87148,142900,42.97551,44.02018
Sell,-100,42.49,47200,42.87067,143000,42.97517,44.02342
Sell,-300,42.48,46900,42.86821,143300,42.97413,44.03329
Sell,-100,42.49,46800,42.8674,143400,42.97379,44.03659
Sell,-200,42.42,46600,42.8655,143600,42.97302,44.04353
Sell,-600,42.35,46000,42.85895,144200,42.97043,44.06562
Sell,-700,42.35,45300,42.85132,144900,42.96743,44.09213
Sell,-700,42.35,44600,42.84369,145600,42.96446,44.11947
Sell,-100,42.35,44500,42.84258,145700,42.96404,44.12345
Sell,-400,42.35,44100,42.8382,146100,42.96236,44.13953
Sell,-100,42.35,44000,42.83709,146200,42.96194,44.1436
Sell,-400,42.34,43600,42.83261,146600,42.96024,44.16015
Sell,-100,42.38,43500,42.83158,146700,42.95985,44.16424
Sell,-200,42.45,43300,42.82983,146900,42.95915,44.17216
Sell,-100,42.43,43200,42.82891,147000,42.95879,44.17619
Sell,-100,42.45,43100,42.82803,147100,42.95845,44.18019
Sell,-100,42.44,43000,42.82714,147200,42.9581,44.18424
Sell,-100,42.44,42900,42.82624,147300,42.95774,44.18831
Sell,-500,42.36,42400,42.82087,147800,42.95572,44.20987
Sell,-200,42.38,42200,42.8188,148000,42.95494,44.21854
Sell,-100,42.38,42100,42.81776,148100,42.95456,44.22291
Sell,-200,42.38,41900,42.81569,148300,42.95378,44.2317
Sell,-500,42.38,41400,42.81055,148800,42.95185,44.25407
Sell,-700,42.39,40700,42.80356,149500,42.94922,44.28613
Sell,-500,42.39,40200,42.79854,150000,42.94736,44.30971
Sell,-300,42.43,39900,42.79581,150300,42.94633,44.32384
Sell,-400,42.43,39500,42.79218,150700,42.94495,44.34302
Sell,-100,42.46,39400,42.79134,150800,42.94463,44.3478
Sell,-100,42.46,39300,42.7905,150900,42.94431,44.35261
Sell,-100,42.46,39200,42.78966,151000,42.94399,44.35743
Sell,-100,42.46,39100,42.78882,151100,42.94367,44.36229
Sell,-100,42.46,39000,42.78799,151200,42.94335,44.36716
Sell,-100,42.46,38900,42.78715,151300,42.94303,44.37207
Sell,-100,42.46,38800,42.78631,151400,42.94271,44.37699
Sell,-100,42.47,38700,42.78549,151500,42.9424,44.38192
Sell,-100,42.47,38600,42.78468,151600,42.94209,44.38688
Sell,-100,42.57,38500,42.78413,151700,42.94184,44.39159
Sell,-600,42.57,37900,42.78084,152300,42.94038,44.42043
Sell,-500,42.61,37400,42.77862,152800,42.9393,44.44464
Sell,-200,42.59,37200,42.77761,153000,42.93884,44.45461
Sell,-500,42.57,36700,42.77486,153500,42.93764,44.48028
Sell,-700,42.57,36000,42.77103,154200,42.93597,44.51743
Sell,-200,42.58,35800,42.76997,154400,42.93551,44.52825
Sell,-100,42.57,35700,42.76941,154500,42.93527,44.53374
Sell,-100,42.62,35600,42.769,154600,42.93507,44.53911
Sell,-100,42.62,35500,42.76858,154700,42.93487,44.54452
Sell,-200,42.74,35300,42.76842,154900,42.93461,44.55474
Sell,-400,42.74,34900,42.7681,155300,42.93411,44.57554
Sell,-100,42.72,34800,42.76796,155400,42.93397,44.58087
Sell,-100,42.72,34700,42.76782,155500,42.93384,44.58624
Sell,-100,42.72,34600,42.76769,155600,42.9337,44.59163
Sell,-400,42.72,34200,42.76714,156000,42.93315,44.61352
Sell,-100,42.81,34100,42.76727,156100,42.93307,44.61881
Sell,-100,42.81,34000,42.76739,156200,42.93299,44.62413
Sell,-200,42.81,33800,42.76764,156400,42.93284,44.63486
Sell,-600,42.81,33200,42.76838,157000,42.93237,44.66784
Sell,-100,42.75,33100,42.76833,157100,42.93225,44.67364
Sell,-200,42.75,32900,42.76822,157300,42.93202,44.68533
Sell,-100,42.75,32800,42.76816,157400,42.9319,44.69123
Sell,-100,42.75,32700,42.7681,157500,42.93179,44.69717
Sell,-300,42.75,32400,42.76794,157800,42.93144,44.7152
Sell,-100,42.69,32300,42.7677,157900,42.93129,44.72147
Sell,-100,42.69,32200,42.76746,158000,42.93114,44.72778
Sell,-600,42.69,31600,42.76604,158600,42.93022,44.76647
Sell,-100,42.66,31500,42.76571,158700,42.93005,44.77316
Sell,-100,42.66,31400,42.76537,158800,42.92988,44.77989
Sell,-700,42.66,30700,42.76308,159500,42.9287,44.82822
Sell,-400,42.64,30300,42.76149,159900,42.92798,44.85711
Sell,-300,42.64,30000,42.7603,160200,42.92744,44.87928
Sell,-700,42.64,29300,42.75756,160900,42.92619,44.93278
Sell,-700,42.7,28600,42.75622,161600,42.92521,44.98743
Sell,-700,42.76,27900,42.75631,162300,42.9245,45.04331
Sell,-100,42.79,27800,42.75643,162400,42.92441,45.05142
Sell,-100,42.79,27700,42.75655,162500,42.92433,45.05958
Sell,-100,42.79,27600,42.75667,162600,42.92425,45.0678
Sell,-300,42.8,27300,42.75713,162900,42.92402,45.09272
Sell,-500,42.83,26800,42.75844,163400,42.92373,45.13494
Sell,-100,42.83,26700,42.75871,163500,42.92367,45.14357
Sell,-200,42.9,26500,42.75976,163700,42.92364,45.16051
Sell,-400,42.9,26100,42.76185,164100,42.92359,45.19515
Sell,-500,42.92,25600,42.76482,164600,42.92358,45.23959
Sell,-100,42.99,25500,42.7657,164700,42.92362,45.24841
Sell,-200,42.99,25300,42.76744,164900,42.9237,45.26626
Sell,-100,42.99,25200,42.76832,165000,42.92374,45.27529
Sell,-100,42.99,25100,42.76919,165100,42.92378,45.2844
Sell,-100,42.99,25000,42.77007,165200,42.92382,45.29358
Sell,-100,42.99,24900,42.77095,165300,42.92386,45.30283
Sell,-600,42.99,24300,42.7761,165900,42.9241,45.35993
Sell,-600,43.01,23700,42.78174,166500,42.92441,45.41943
Sell,-300,43.01,23400,42.78459,166800,42.92456,45.45032
Sell,-400,43.01,23000,42.78838,167200,42.92476,45.49276
Sell,-300,43.05,22700,42.79175,167500,42.92499,45.52504
Sell,-100,42.98,22600,42.79257,167600,42.92502,45.5363
Sell,-100,42.98,22500,42.7934,167700,42.92505,45.54766
Sell,-100,42.99,22400,42.79427,167800,42.92509,45.55908
Sell,-98,43,22302,42.79516,167898,42.92514,45.57033
Sell,-502,43,21800,42.79967,168400,42.92536,45.62951
Sell,-100,42.98,21700,42.8005,168500,42.92539,45.64172
Sell,-100,42.98,21600,42.80132,168600,42.92543,45.65405
Sell,-400,42.98,21200,42.80457,169000,42.92555,45.7045
Sell,-400,43.03,20800,42.80874,169400,42.9258,45.75593
Sell,-100,43.03,20700,42.8098,169500,42.92586,45.7691
Sell,-100,43.03,20600,42.81086,169600,42.92592,45.7824
Sell,-300,43.03,20300,42.81401,169900,42.92611,45.82307
Buy,200,43.11,20500,42.81689,170100,42.92632,45.7966
Buy,100,43.15,20600,42.81851,170200,42.92646,45.78376
Buy,100,43.18,20700,42.82026,170300,42.9266,45.77118
Sell,-100,43.2,20600,42.82208,170400,42.92676,45.78366
Sell,-500,43.2,20100,42.83104,170900,42.92756,45.84793
Sell,-100,43.2,20000,42.83286,171000,42.92772,45.86117
Sell,-200,43.2,19800,42.8365,171200,42.92804,45.88805
Sell,-500,43.2,19300,42.84545,171700,42.92883,45.95769
Buy,100,43.18,19400,42.84718,171800,42.92898,45.94337
Buy,100,43.18,19500,42.84888,171900,42.92913,45.9292
Sell,-200,43.2,19300,42.85245,172100,42.92944,45.95748
Sell,-100,43.2,19200,42.85424,172200,42.9296,45.97184
Sell,-700,43.19,18500,42.86605,172900,42.93065,46.0771
Sell,-300,43.21,18200,42.87154,173200,42.93114,46.12436
Sell,-100,43.21,18100,42.87339,173300,42.9313,46.14046
Sell,-100,43.2,18000,42.87518,173400,42.93145,46.1568
Sell,-200,43.2,17800,42.87875,173600,42.93176,46.19002
Sell,-700,43.22,17100,42.89166,174300,42.93292,46.3116
Sell,-300,43.22,16800,42.89733,174600,42.93341,46.36681
Sell,-300,43.22,16500,42.90299,174900,42.9339,46.42402
Buy,100,43.22,16600,42.9049,175000,42.93407,46.40472
Buy,100,43.22,16700,42.90678,175100,42.93423,46.38565
Sell,-300,43.25,16400,42.91284,175400,42.93477,46.44301
Sell,-200,43.25,16200,42.9169,175600,42.93513,46.48243
Sell,-200,43.25,16000,42.92096,175800,42.93549,46.52284
Sell,-100,43.3,15900,42.92332,175900,42.93569,46.54311
Sell,-300,43.28,15600,42.92992,176200,42.93628,46.60586
Sell,-300,43.31,15300,42.9371,176500,42.93692,46.67048
Sell,-100,43.31,15200,42.93952,176600,42.93713,46.69259
Sell,-100,43.31,15100,42.94194,176700,42.93734,46.71499
Sell,-300,43.31,14800,42.94911,177000,42.93797,46.78401
Sell,-400,43.26,14400,42.95729,177400,42.9387,46.8819
Sell,-100,43.26,14300,42.95938,177500,42.93888,46.90723
Sell,-300,43.26,14000,42.96555,177800,42.93942,46.98538
Sell,-100,43.26,13900,42.96764,177900,42.9396,47.01219
Sell,-100,43.26,13800,42.96973,178000,42.93978,47.03938
Sell,-500,43.26,13300,42.97988,178500,42.94068,47.18146
Sell,-100,43.28,13200,42.98212,178600,42.94087,47.21101
Sell,-500,43.27,12700,42.99263,179100,42.94178,47.36617
Sell,-99,43.21,12601,42.99431,179199,42.94193,47.39883
Sell,-101,43.21,12500,42.99602,179300,42.94208,47.43267
Sell,-300,43.18,12200,43.00033,179600,42.94248,47.53725
Sell,-100,43.24,12100,43.00228,179700,42.94265,47.57276
Sell,-600,43.24,11500,43.01351,180300,42.94364,47.79882
Buy,300,43.23,11800,43.01902,180600,42.94411,47.68266
Buy,100,43.23,11900,43.02079,180700,42.94427,47.64524
Buy,100,43.23,12000,43.02253,180800,42.94443,47.60845
Buy,400,43.23,12400,43.02923,181200,42.94506,47.46721
Buy,200,43.22,12600,43.03225,181400,42.94536,47.39979
Sell,-200,43.23,12400,43.03534,181600,42.94568,47.46705
Buy,300,43.3,12700,43.0416,181900,42.94626,47.36861
Buy,100,43.3,12800,43.04362,182000,42.94645,47.33683
Sell,-100,43.24,12700,43.04514,182100,42.94662,47.36909
Sell,-100,43.24,12600,43.04666,182200,42.94678,47.40186
Sell,-200,43.25,12400,43.04984,182400,42.94711,47.46882
Sell,-600,43.2,11800,43.05677,183000,42.94794,47.68588
Sell,-200,43.27,11600,43.06032,183200,42.94829,47.76202
Sell,-200,43.28,11400,43.06404,183400,42.94865,47.84065
Sell,-300,43.27,11100,43.06933,183700,42.94918,47.96418
Sell,-100,43.27,11000,43.07112,183800,42.94935,48.00685
Sell,-100,43.27,10900,43.07291,183900,42.94953,48.05031
Sell,-500,43.31,10400,43.08331,184400,42.9505,48.27821
Sell,-300,43.32,10100,43.08994,184700,42.9511,48.42548
Sell,-600,43.29,9500,43.10116,185300,42.9522,48.74983
Sell,-300,43.29,9200,43.10694,185600,42.95275,48.92787
Sell,-200,43.28,9000,43.11063,185800,42.9531,49.05338
Sell,-100,43.28,8900,43.11249,185900,42.95327,49.11825
Sell,-100,43.28,8800,43.11435,186000,42.95345,49.18459
Sell,-200,43.37,8600,43.12003,186200,42.9539,49.31981
Sell,-100,43.37,8500,43.1229,186300,42.95412,49.38981
Sell,-100,43.42,8400,43.12636,186400,42.95437,49.46088
Sell,-100,43.42,8300,43.12981,186500,42.95462,49.53366
Sell,-100,43.42,8200,43.13327,186600,42.95487,49.60822
Sell,-100,43.42,8100,43.13672,186700,42.95512,49.68462
Sell,-300,43.42,7800,43.14684,187000,42.95586,49.92556
Sell,-100,43.42,7700,43.1503,187100,42.95611,50.01005
Sell,-100,43.42,7600,43.15375,187200,42.95636,50.09676
Sell,-100,43.42,7500,43.15721,187300,42.95661,50.18579
Sell,-200,43.42,7300,43.16404,187500,42.9571,50.37115
Sell,-600,43.43,6700,43.18424,188100,42.95861,50.99274
Sell,-200,43.45,6500,43.19194,188300,42.95913,51.22483
Sell,-200,43.44,6300,43.19934,188500,42.95964,51.47197
Sell,-100,43.44,6200,43.2031,188600,42.9599,51.60151
Sell,-100,43.44,6100,43.20686,188700,42.96015,51.73531
Sell,-100,43.44,6000,43.21063,188800,42.96041,51.87356
Sell,-100,43.45,5900,43.21455,188900,42.96067,52.01634
Sell,-100,43.45,5800,43.21847,189000,42.96092,52.16403
Sell,-700,43.45,5100,43.24341,189700,42.96273,53.36008
Sell,-100,43.47,5000,43.24776,189800,42.963,53.55788
Sell,-100,43.46,4900,43.25193,189900,42.96326,53.76396
Sell,-100,43.46,4800,43.25609,190000,42.96352,53.97862
Sell,-400,43.46,4400,43.27177,190400,42.96456,54.93486
Sell,-600,43.46,3800,43.29436,191000,42.96612,56.74668
Sell,-50,43.46,3750,43.29651,191050,42.96625,56.92384
Sell,-300,43.46,3450,43.30862,191350,42.96702,58.09461
Sell,-100,43.46,3350,43.31289,191450,42.96728,58.53146
Sell,-400,43.46,2950,43.32858,191850,42.96831,60.57505
Sell,-50,43.46,2900,43.33077,191900,42.96843,60.87013
Sell,-700,43.38,2200,43.34034,192600,42.96993,66.43518
Sell,-100,43.38,2100,43.34207,192700,42.97014,67.53304
Sell,-200,43.39,1900,43.34623,192900,42.97058,70.07442
Sell,-100,43.39,1800,43.34842,193000,42.9708,71.55688
Sell,-700,43.39,1100,43.36006,193700,42.97231,89.48126
Sell,-900,43.39,200,43.37354,194600,42.97424,296.8919
Sell,-200,43.41,0,43.41,194800,43.41,43.41
Sell,-100,43.41,-100,43.41,194900,43.41,43.41
Sell,-100,43.41,-200,43.41,195000,43.41,43.41
Sell,-100,43.41,-300,43.41,195100,43.41,43.41
Sell,-100,43.41,-400,43.41,195200,43.41,43.41
Sell,-100,43.41,-500,43.41,195300,43.41,43.41
Sell,-100,43.41,-600,43.41,195400,43.41,43.41
Sell,-100,43.41,-700,43.41,195500,43.41,43.41
Sell,-122,43.43,-822,43.41297,195622,43.41001,43.41297
Sell,-656,43.43,-1478,43.42053,196278,43.41008,43.42053
Sell,-122,43.43,-1600,43.42125,196400,43.41009,43.42125
Sell,-600,43.43,-2200,43.42364,197000,43.41015,43.42364
Sell,-100,43.43,-2300,43.42391,197100,43.41016,43.42391
Sell,-200,43.43,-2500,43.4244,197300,43.41018,43.4244
Sell,-100,43.46,-2600,43.42577,197400,43.41021,43.42577
Buy,200,43.48,-2400,43.42964,197600,43.41028,43.42125
Sell,-300,43.5,-2700,43.43746,197900,43.41041,43.43
Sell,-100,43.5,-2800,43.43969,198000,43.41046,43.4325
Sell,-100,43.5,-2900,43.44177,198100,43.4105,43.43483
Sell,-100,43.51,-3000,43.44405,198200,43.41055,43.43733
Sell,-100,43.51,-3100,43.44618,198300,43.41061,43.43968
Sell,-100,43.51,-3200,43.44817,198400,43.41066,43.44188
Sell,-200,43.51,-3400,43.45181,198600,43.41076,43.44588
Sell,-100,43.51,-3500,43.45347,198700,43.41081,43.44771
Sell,-100,43.51,-3600,43.45504,198800,43.41086,43.44944
Sell,-200,43.48,-3800,43.45635,199000,43.41092,43.45105
Buy,100,43.46,-3700,43.45645,199100,43.41095,43.45081
Sell,-200,43.51,-3900,43.45919,199300,43.41105,43.45385
Sell,-100,43.49,-4000,43.45996,199400,43.41109,43.45475
Sell,-100,43.49,-4100,43.4607,199500,43.41113,43.45561
Sell,-100,43.49,-4200,43.46139,199600,43.41117,43.45643
Sell,-100,43.49,-4300,43.46206,199700,43.41121,43.45721
Sell,-100,43.46,-4400,43.46201,199800,43.41123,43.45727
Buy,500,43.51,-3900,43.46691,200300,43.41148,43.45051
Buy,600,43.51,-3300,43.47265,200900,43.41177,43.4397
Buy,100,43.51,-3200,43.47375,201000,43.41182,43.4375
Buy,200,43.52,-3000,43.47647,201200,43.41193,43.432
Buy,200,43.53,-2800,43.47982,201400,43.41205,43.425
Buy,100,43.55,-2700,43.48224,201500,43.41211,43.42037
Buy,100,43.56,-2600,43.48502,201600,43.41219,43.415
Buy,100,43.56,-2500,43.48779,201700,43.41226,43.4092
Buy,200,43.56,-2300,43.49314,201900,43.41241,43.39609
Buy,200,43.56,-2100,43.49849,202100,43.41255,43.38048
Buy,200,43.61,-1900,43.50819,202300,43.41275,43.35632
Buy,100,43.56,-1800,43.51078,202400,43.41282,43.345
Buy,400,43.56,-1400,43.51973,202800,43.41311,43.28357
Buy,100,43.56,-1300,43.52241,202900,43.41318,43.26231
Buy,200,43.56,-1100,43.52742,203100,43.41333,43.20818
Sell,-100,43.55,-1200,43.52931,203200,43.4134,43.23667
Buy,300,43.54,-900,43.53144,203500,43.41358,43.13556
Buy,800,43.51,-100,43.52135,204300,43.41396,40.14
Buy,100,43.49,0,43.49,204400,43.49,43.49
Buy,200,43.49,200,43.49,204600,43.49,43.49
Buy,100,43.54,300,43.50667,204700,43.49002,43.50667
Buy,100,43.54,400,43.515,204800,43.49005,43.515
Buy,200,43.54,600,43.52333,205000,43.4901,43.52333
Buy,500,43.54,1100,43.53091,205500,43.49022,43.53091
Buy,500,43.42,1600,43.49625,206000,43.49005,43.49625
Sell,-200,43.45,1400,43.49111,206200,43.49001,43.50286
Sell,-100,43.46,1300,43.48904,206300,43.49,43.50615
Buy,100,43.42,1400,43.48411,206400,43.48996,43.5
Buy,100,43.42,1500,43.47983,206500,43.48993,43.49467
Buy,300,43.44,1800,43.47319,206800,43.48985,43.48556
Buy,200,43.35,2000,43.46087,207000,43.48972,43.472
Buy,500,43.35,2500,43.4387,207500,43.48938,43.4476
Buy,100,43.26,2600,43.43183,207600,43.48927,43.44038
Buy,100,43.26,2700,43.42546,207700,43.48916,43.4337
Buy,200,43.26,2900,43.41405,207900,43.48894,43.42172
Buy,100,43.25,3000,43.40858,208000,43.48883,43.416
Buy,100,43.25,3100,43.40347,208100,43.48871,43.41065
Buy,100,43.25,3200,43.39867,208200,43.4886,43.40563
Buy,200,43.25,3400,43.38993,208400,43.48837,43.39647
Buy,100,43.27,3500,43.3865,208500,43.48826,43.39286
Buy,500,43.31,4000,43.37694,209000,43.48784,43.3825
Buy,100,43.31,4100,43.3753,209100,43.48775,43.38073
Buy,300,43.31,4400,43.37085,209400,43.4875,43.37591
Buy,900,43.29,5300,43.35712,210300,43.48665,43.36132
Buy,3,43.27,5303,43.35707,210303,43.48665,43.36127
Buy,100,43.28,5403,43.35565,210403,43.48655,43.35976
Buy,100,43.28,5503,43.35427,210503,43.48645,43.35832
Buy,97,43.28,5600,43.35299,210600,43.48636,43.35696
Buy,700,43.27,6300,43.34376,211300,43.48564,43.3473
Buy,300,43.26,6600,43.33996,211600,43.48532,43.34333
Buy,300,43.26,6900,43.33648,211900,43.485,43.33971
Buy,100,43.26,7000,43.33539,212000,43.4849,43.33857
Buy,100,43.17,7100,43.33306,212100,43.48475,43.33619
Buy,200,43.2,7300,43.32941,212300,43.48448,43.33246
Buy,100,43.2,7400,43.32766,212400,43.48435,43.33067
Buy,200,43.19,7600,43.32404,212600,43.48407,43.32697
Buy,200,43.17,7800,43.32009,212800,43.48377,43.32294
Buy,200,43.15,8000,43.31584,213000,43.48346,43.31862
Buy,200,43.15,8200,43.31179,213200,43.48315,43.31451
Buy,100,43.16,8300,43.30997,213300,43.483,43.31265
Buy,100,43.16,8400,43.30818,213400,43.48284,43.31083
Buy,100,43.16,8500,43.30644,213500,43.48269,43.30906
Buy,200,43.23,8700,43.30468,213700,43.48246,43.30724
Buy,200,43.23,8900,43.303,213900,43.48222,43.3055
Buy,300,43.23,9200,43.30062,214200,43.48187,43.30304
Buy,100,43.23,9300,43.29986,214300,43.48175,43.30225
Buy,100,43.23,9400,43.29912,214400,43.48163,43.30149
Buy,100,43.23,9500,43.29839,214500,43.48152,43.30073
Buy,100,43.23,9600,43.29768,214600,43.4814,43.3
Buy,300,43.23,9900,43.29563,214900,43.48105,43.29788
Buy,200,43.23,10100,43.29433,215100,43.48081,43.29653
Buy,200,43.23,10300,43.29308,215300,43.48058,43.29524
Buy,200,43.35,10500,43.29416,215500,43.48046,43.29628
Buy,200,43.34,10700,43.29502,215700,43.48033,43.2971
Buy,50,43.33,10750,43.29518,215750,43.48029,43.29725
Buy,150,43.34,10900,43.2958,215900,43.4802,43.29784
Buy,100,43.34,11000,43.2962,216000,43.48013,43.29822
Buy,100,43.34,11100,43.2966,216100,43.48007,43.2986
Buy,100,43.34,11200,43.29698,216200,43.48,43.29897
Buy,200,43.27,11400,43.29651,216400,43.47981,43.29846
Buy,200,43.27,11600,43.29605,216600,43.47961,43.29797
Buy,400,43.27,12000,43.29518,217000,43.47923,43.29704
Buy,100,43.25,12100,43.29481,217100,43.47912,43.29665
Buy,100,43.25,12200,43.29444,217200,43.47902,43.29627
Buy,100,43.25,12300,43.29408,217300,43.47891,43.29589
Buy,100,43.25,12400,43.29373,217400,43.47881,43.29552
Buy,100,43.25,12500,43.29338,217500,43.4787,43.29516
Buy,400,43.25,12900,43.29203,217900,43.47828,43.29376
Buy,300,43.24,13200,43.29085,218200,43.47795,43.29254
Buy,100,43.26,13300,43.29062,218300,43.47785,43.29229
Buy,300,43.26,13600,43.28994,218600,43.47755,43.29158
Buy,400,43.26,14000,43.28909,219000,43.47716,43.29068
Buy,100,43.25,14100,43.28881,219100,43.47705,43.29039
Buy,600,43.25,14700,43.28723,219700,43.47643,43.28874
Buy,100,43.25,14800,43.28697,219800,43.47633,43.28848
Buy,100,43.2,14900,43.28639,219900,43.4762,43.28788
Buy,100,43.2,15000,43.28581,220000,43.47608,43.2873
Buy,300,43.2,15300,43.28413,220300,43.4757,43.28559
Buy,200,43.2,15500,43.28305,220500,43.47545,43.28448
Buy,100,43.19,15600,43.28245,220600,43.47532,43.28388
Buy,700,43.2,16300,43.27891,221300,43.47445,43.28027
Buy,200,43.23,16500,43.27832,221500,43.47423,43.27966
Buy,100,43.23,16600,43.27803,221600,43.47412,43.27937
Buy,100,43.23,16700,43.27774,221700,43.47401,43.27907
Buy,300,43.23,17000,43.2769,222000,43.47368,43.2782
Buy,100,43.23,17100,43.27662,222100,43.47357,43.27792
Buy,400,43.23,17500,43.27556,222500,43.47313,43.27683
Buy,200,43.2,17700,43.2747,222700,43.47289,43.27596
Buy,100,43.19,17800,43.27423,222800,43.47276,43.27548
Buy,300,43.19,18100,43.27283,223100,43.47238,43.27406
Buy,200,43.19,18300,43.27192,223300,43.47213,43.27314
Buy,100,43.19,18400,43.27148,223400,43.472,43.27269
Buy,100,43.2,18500,43.27109,223500,43.47188,43.2723
Buy,100,43.24,18600,43.27093,223600,43.47178,43.27212
Buy,100,43.24,18700,43.27076,223700,43.47167,43.27195
Buy,300,43.24,19000,43.27027,224000,43.47136,43.27145
Buy,100,43.24,19100,43.27012,224100,43.47126,43.27128
Buy,100,43.21,19200,43.2698,224200,43.47114,43.27096
Buy,100,43.18,19300,43.26934,224300,43.47101,43.27049
Buy,700,43.22,20000,43.26761,225000,43.47023,43.26872
Buy,12,43.18,20012,43.26756,225012,43.47022,43.26867
Buy,300,43.22,20312,43.26686,225312,43.46988,43.26795
Buy,200,43.22,20512,43.2664,225512,43.46966,43.26748
Buy,100,43.22,20612,43.26617,225612,43.46955,43.26725
Buy,5,43.18,20617,43.26615,225617,43.46955,43.26723
Buy,200,43.22,20817,43.26571,225817,43.46932,43.26678
Buy,400,43.22,21217,43.26485,226217,43.46888,43.2659
Buy,100,43.18,21317,43.26445,226317,43.46876,43.26549
Buy,100,43.18,21417,43.26406,226417,43.46863,43.26509
Buy,100,43.18,21517,43.26366,226517,43.4685,43.2647
Buy,100,43.18,21617,43.26328,226617,43.46837,43.26431
Buy,100,43.18,21717,43.26289,226717,43.46825,43.26392
Buy,83,43.18,21800,43.26258,226800,43.46814,43.2636
Buy,900,43.19,22700,43.2597,227700,43.46704,43.26068
Buy,200,43.18,22900,43.25901,227900,43.46679,43.25998
Buy,100,43.18,23000,43.25866,228000,43.46666,43.25963
Buy,100,43.18,23100,43.25832,228100,43.46654,43.25928
Buy,100,43.18,23200,43.25798,228200,43.46641,43.25894
Buy,100,43.2,23300,43.25773,228300,43.4663,43.25869
Buy,100,43.23,23400,43.25762,228400,43.46619,43.25857
Buy,300,43.23,23700,43.25727,228700,43.46588,43.25821
Buy,100,43.23,23800,43.25715,228800,43.46578,43.25809
Buy,400,43.23,24200,43.2567,229200,43.46537,43.25762
Buy,400,43.23,24600,43.25627,229600,43.46496,43.25717
Buy,100,43.22,24700,43.25612,229700,43.46485,43.25702
Buy,500,43.22,25200,43.25541,230200,43.46432,43.25629
Buy,700,43.24,25900,43.25499,230900,43.46364,43.25585
Buy,400,43.25,26300,43.25491,231300,43.46327,43.25576
Buy,300,43.25,26600,43.25486,231600,43.46299,43.25569
Buy,100,43.25,26700,43.25484,231700,43.4629,43.25567
Buy,700,43.25,27400,43.25472,232400,43.46226,43.25553
Buy,300,43.25,27700,43.25466,232700,43.46199,43.25547
Buy,100,43.25,27800,43.25465,232800,43.4619,43.25545
Buy,100,43.25,27900,43.25463,232900,43.46181,43.25543
Buy,100,43.25,28000,43.25461,233000,43.46171,43.25541
Buy,100,43.25,28100,43.2546,233100,43.46162,43.25539
Buy,100,43.25,28200,43.25458,233200,43.46153,43.25537
Buy,700,43.27,28900,43.25496,233900,43.46096,43.25573
Buy,900,43.26,29800,43.25511,234800,43.46019,43.25585
Buy,100,43.26,29900,43.25512,234900,43.4601,43.25587
Buy,300,43.26,30200,43.25517,235200,43.45985,43.25591
Buy,400,43.26,30600,43.25524,235600,43.45951,43.25596
Buy,100,43.26,30700,43.25525,235700,43.45942,43.25598
Buy,200,43.26,30900,43.25528,235900,43.45926,43.256
Buy,300,43.26,31200,43.25533,236200,43.459,43.25604
Buy,100,43.26,31300,43.25534,236300,43.45892,43.25605
Buy,100,43.19,31400,43.25513,236400,43.4588,43.25584
Buy,100,43.19,31500,43.25493,236500,43.45869,43.25563
Buy,200,43.19,31700,43.25452,236700,43.45846,43.25522
Buy,300,43.2,32000,43.25401,237000,43.45814,43.2547
Buy,400,43.24,32400,43.25383,237400,43.45777,43.25452
Buy,300,43.25,32700,43.2538,237700,43.45751,43.25448
Buy,700,43.25,33400,43.25372,238400,43.4569,43.25439
Buy,300,43.25,33700,43.25369,238700,43.45664,43.25435
Buy,100,43.29,33800,43.25379,238800,43.45657,43.25445
Buy,100,43.29,33900,43.2539,238900,43.4565,43.25456
Buy,900,43.29,34800,43.25483,239800,43.45587,43.25547
Buy,500,43.29,35300,43.25533,240300,43.45553,43.25596
Buy,100,43.29,35400,43.25543,240400,43.45546,43.25606
Buy,100,43.29,35500,43.25553,240500,43.45539,43.25615
Buy,100,43.27,35600,43.25557,240600,43.45531,43.25619
Buy,100,43.27,35700,43.25561,240700,43.45524,43.25623
Buy,100,43.27,35800,43.25565,240800,43.45516,43.25627
Buy,100,43.27,35900,43.25569,240900,43.45508,43.25631
Buy,300,43.27,36200,43.25581,241200,43.45485,43.25642
Buy,200,43.27,36400,43.25589,241400,43.4547,43.2565
Buy,100,43.27,36500,43.25592,241500,43.45462,43.25653
Buy,100,43.28,36600,43.25599,241600,43.45455,43.2566
Buy,100,43.28,36700,43.25605,241700,43.45448,43.25666
Buy,100,43.28,36800,43.25612,241800,43.45441,43.25672
Buy,100,43.28,36900,43.25618,241900,43.45433,43.25679
Buy,100,43.28,37000,43.25625,242000,43.45426,43.25685
Buy,100,43.28,37100,43.25631,242100,43.45419,43.25691
Buy,100,43.28,37200,43.25638,242200,43.45412,43.25698
Buy,100,43.28,37300,43.25644,242300,43.45405,43.25704
Buy,100,43.28,37400,43.2565,242400,43.45397,43.2571
Buy,200,43.28,37600,43.25663,242600,43.45383,43.25722
Buy,100,43.21,37700,43.2565,242700,43.45373,43.25709
Buy,100,43.22,37800,43.25641,242800,43.45363,43.257
Buy,100,43.22,37900,43.25631,242900,43.45354,43.2569
Buy,100,43.22,38000,43.25622,243000,43.45344,43.2568
Buy,100,43.22,38100,43.25612,243100,43.45335,43.25671
Buy,100,43.22,38200,43.25603,243200,43.45325,43.25661
Buy,100,43.22,38300,43.25593,243300,43.45315,43.25651
Buy,500,43.21,38800,43.25534,243800,43.45266,43.25591
Buy,100,43.22,38900,43.25525,243900,43.45256,43.25582
Buy,200,43.22,39100,43.25507,244100,43.45237,43.25564
Buy,100,43.22,39200,43.25498,244200,43.45227,43.25555
Buy,400,43.23,39600,43.25473,244600,43.45191,43.25529
Buy,100,43.23,39700,43.25467,244700,43.45182,43.25523
Buy,100,43.23,39800,43.2546,244800,43.45173,43.25516
Buy,500,43.23,40300,43.2543,245300,43.45128,43.25485
Buy,100,43.29,40400,43.25439,245400,43.45121,43.25494
Buy,100,43.29,40500,43.25447,245500,43.45115,43.25502
Buy,400,43.35,40900,43.25541,245900,43.45098,43.25595
Buy,500,43.35,41400,43.25655,246400,43.45078,43.25709
Buy,400,43.36,41800,43.25754,246800,43.45063,43.25807
Buy,200,43.36,42000,43.25803,247000,43.45056,43.25856
Buy,100,43.36,42100,43.25827,247100,43.45052,43.2588
Buy,300,43.36,42400,43.25899,247400,43.45041,43.25952
Buy,500,43.36,42900,43.26017,247900,43.45023,43.26069
Buy,100,43.36,43000,43.2604,248000,43.45019,43.26092
Buy,100,43.36,43100,43.26063,248100,43.45016,43.26115
Buy,400,43.36,43500,43.26155,248500,43.45001,43.26206
Buy,200,43.38,43700,43.26209,248700,43.44995,43.2626
Buy,400,43.41,44100,43.26343,249100,43.44989,43.26393
Buy,200,43.41,44300,43.26409,249300,43.44986,43.26459
Buy,200,43.41,44500,43.26475,249500,43.44983,43.26525
Buy,100,43.41,44600,43.26507,249600,43.44981,43.26557
Buy,400,43.41,45000,43.26636,250000,43.44975,43.26685
Buy,600,43.41,45600,43.26825,250600,43.44965,43.26874
Buy,700,43.4,46300,43.27024,251300,43.44951,43.27072
Buy,100,43.4,46400,43.27052,251400,43.44949,43.271
Buy,200,43.46,46600,43.27134,251600,43.4495,43.27181
Buy,500,43.46,47100,43.27334,252100,43.44952,43.27381
Buy,100,43.5,47200,43.27382,252200,43.44954,43.27429
Buy,100,43.5,47300,43.2743,252300,43.44956,43.27477
Buy,700,43.5,48000,43.27759,253000,43.4497,43.27805
Buy,700,43.5,48700,43.28078,253700,43.44984,43.28124
Buy,700,43.5,49400,43.28389,254400,43.44998,43.28434
Buy,100,43.5,49500,43.28433,254500,43.45,43.28478
Buy,900,43.5,50400,43.28818,255400,43.45017,43.28862
Buy,700,43.5,51100,43.29108,256100,43.45031,43.29152
Buy,500,43.5,51600,43.29311,256600,43.45041,43.29354
Buy,200,43.5,51800,43.2939,256800,43.45045,43.29433
Buy,300,43.43,52100,43.29469,257100,43.45042,43.29511
Buy,400,43.43,52500,43.29572,257500,43.45039,43.29614
Buy,200,43.42,52700,43.29619,257700,43.45037,43.29661
Buy,100,43.42,52800,43.29642,257800,43.45035,43.29685
Buy,100,43.42,52900,43.29666,257900,43.45034,43.29708
Buy,100,43.42,53000,43.29689,258000,43.45033,43.29731
Buy,100,43.42,53100,43.29712,258100,43.45032,43.29754
Buy,200,43.42,53300,43.29758,258300,43.4503,43.298
Buy,100,43.39,53400,43.29776,258400,43.45027,43.29817
Buy,100,43.39,53500,43.29793,258500,43.45025,43.29835
Buy,100,43.39,53600,43.2981,258600,43.45023,43.29852
Buy,100,43.39,53700,43.29827,258700,43.4502,43.29869
Buy,100,43.39,53800,43.29844,258800,43.45018,43.29886
Buy,100,43.39,53900,43.29861,258900,43.45016,43.29903
Buy,100,43.39,54000,43.29878,259000,43.45013,43.29919
Buy,400,43.38,54400,43.29938,259400,43.45002,43.29979
Buy,100,43.38,54500,43.29953,259500,43.45,43.29994
Buy,100,43.38,54600,43.29967,259600,43.44997,43.30008
Buy,100,43.38,54700,43.29982,259700,43.44994,43.30023
Buy,100,43.38,54800,43.29997,259800,43.44992,43.30037
Buy,100,43.38,54900,43.30011,259900,43.44989,43.30052
Buy,600,43.44,55500,43.30163,260500,43.44987,43.30203
Buy,700,43.44,56200,43.30335,261200,43.44984,43.30375
Buy,100,43.43,56300,43.30357,261300,43.44983,43.30397
Buy,100,43.43,56400,43.3038,261400,43.44983,43.30419
Buy,100,43.43,56500,43.30402,261500,43.44982,43.30442
Buy,100,43.43,56600,43.30424,261600,43.44981,43.30464
Buy,700,43.43,57300,43.30578,262300,43.44976,43.30617
Buy,700,43.49,58000,43.308,263000,43.44986,43.30839
Buy,400,43.5,58400,43.30932,263400,43.44994,43.3097
Buy,300,43.5,58700,43.31029,263700,43.45,43.31067
Buy,600,43.49,59300,43.31211,264300,43.45009,43.31249
Buy,100,43.49,59400,43.31241,264400,43.4501,43.31279
Buy,100,43.49,59500,43.31271,264500,43.45012,43.31308
Buy,300,43.5,59800,43.31365,264800,43.45018,43.31402
Buy,100,43.5,59900,43.31396,264900,43.45019,43.31433
Buy,500,43.5,60400,43.3155,265400,43.45029,43.31587
Buy,700,43.5,61100,43.31761,266100,43.45042,43.31798
Buy,100,43.5,61200,43.31791,266200,43.45044,43.31828
Buy,800,43.5,62000,43.32026,267000,43.45059,43.32062
Buy,500,43.5,62500,43.3217,267500,43.45068,43.32206
Buy,300,43.5,62800,43.32255,267800,43.45073,43.32291
Buy,400,43.5,63200,43.32367,268200,43.45081,43.32403
Buy,300,43.5,63500,43.32451,268500,43.45086,43.32486
Buy,500,43.49,64000,43.3258,269000,43.45093,43.32615
Buy,100,43.49,64100,43.32606,269100,43.45095,43.3264
Buy,300,43.49,64400,43.32682,269400,43.45099,43.32717
Sell,-100,43.5,64300,43.32709,269500,43.45101,43.3269
Sell,-100,43.5,64200,43.32736,269600,43.45103,43.32663
Buy,300,43.5,64500,43.32816,269900,43.45108,43.32743
Buy,500,43.5,65000,43.32948,270400,43.45117,43.32876
Buy,400,43.51,65400,43.33059,270800,43.45126,43.32987
Buy,100,43.51,65500,43.33086,270900,43.45128,43.33014
Buy,100,43.51,65600,43.33113,271000,43.4513,43.33042
Buy,100,43.51,65700,43.33141,271100,43.45133,43.33069
Buy,200,43.51,65900,43.33195,271300,43.45137,43.33124
Buy,200,43.51,66100,43.33249,271500,43.45141,43.33178
Sell,-400,43.52,65700,43.33361,271900,43.45151,43.33063
Sell,-200,43.52,65500,43.33418,272100,43.45156,43.33005
Sell,-200,43.52,65300,43.33475,272300,43.45161,43.32947
Sell,-300,43.54,65000,43.33568,272600,43.45171,43.3285
Sell,-100,43.56,64900,43.33603,272700,43.45175,43.32814
Buy,200,43.6,65100,43.33684,272900,43.45186,43.32898
Sell,-100,43.59,65000,43.33723,273000,43.45191,43.32858
Sell,-100,43.6,64900,43.33763,273100,43.45196,43.32816
Buy,200,43.54,65100,43.33825,273300,43.45203,43.32881
Buy,100,43.54,65200,43.33856,273400,43.45206,43.32913
Buy,300,43.55,65500,43.33953,273700,43.45217,43.33014
Buy,200,43.52,65700,43.34008,273900,43.45222,43.33072
Buy,200,43.52,65900,43.34063,274100,43.45227,43.3313
Sell,-100,43.51,65800,43.34088,274200,43.45229,43.33103
Sell,-200,43.51,65600,43.3414,274400,43.45233,43.33048
Sell,-200,43.49,65400,43.34185,274600,43.45236,43.32999
Sell,-600,43.49,64800,43.34319,275200,43.45244,43.32851
Buy,100,43.43,64900,43.34333,275300,43.45243,43.32867
Sell,-100,43.5,64800,43.34357,275400,43.45245,43.3284
Sell,-600,43.52,64200,43.34519,276000,43.4526,43.32661
Sell,-100,43.52,64100,43.34546,276100,43.45262,43.32631
Sell,-100,43.52,64000,43.34573,276200,43.45264,43.32601
Sell,-500,43.5,63500,43.34693,276700,43.45273,43.32464
Sell,-800,43.5,62700,43.34883,277500,43.45287,43.3224
Sell,-1000,43.48,61700,43.35089,278500,43.45296,43.31985
Buy,200,43.51,61900,43.3514,278700,43.453,43.32046
Sell,-800,43.55,61100,43.35394,279500,43.45328,43.31745
Sell,-100,43.51,61000,43.35419,279600,43.4533,43.31714
Buy,100,43.51,61100,43.35445,279700,43.45332,43.31745
Sell,-100,43.5,61000,43.35469,279800,43.45334,43.31716
Sell,-200,43.5,60800,43.35516,280000,43.45337,43.31655
Sell,-521,43.51,60279,43.35648,280521,43.45348,43.31488
Sell,-179,43.51,60100,43.35693,280700,43.45351,43.3143
Buy,200,43.48,60300,43.35734,280900,43.45353,43.31485
Sell,-500,43.49,59800,43.35843,281400,43.4536,43.31339
Sell,-100,43.49,59700,43.35865,281500,43.45361,43.31309
Sell,-600,43.49,59100,43.35996,282100,43.45369,43.31129
Sell,-100,43.48,59000,43.36016,282200,43.4537,43.31101
Sell,-100,43.48,58900,43.36036,282300,43.45371,43.31072
Sell,-700,43.48,58200,43.36177,283000,43.45377,43.30869
Sell,-500,43.48,57700,43.36278,283500,43.45382,43.3072
Sell,-100,43.52,57600,43.36305,283600,43.45384,43.30683
Sell,-100,43.52,57500,43.36332,283700,43.45386,43.30646
Sell,-100,43.52,57400,43.36359,283800,43.45389,43.30609
Sell,-100,43.52,57300,43.36386,283900,43.45391,43.30572
Sell,-100,43.52,57200,43.36414,284000,43.45393,43.30534
Sell,-100,43.52,57100,43.36441,284100,43.45396,43.30496
Sell,-100,43.52,57000,43.36468,284200,43.45398,43.30459
Sell,-100,43.55,56900,43.365,284300,43.45402,43.30416
Sell,-100,43.55,56800,43.36533,284400,43.45405,43.30372
Sell,-500,43.55,56300,43.36694,284900,43.45422,43.30154
Sell,-900,43.55,55400,43.36982,285800,43.45452,43.2975
Sell,-100,43.56,55300,43.37016,285900,43.45456,43.29702
Sell,-100,43.56,55200,43.37051,286000,43.45459,43.29655
Sell,-700,43.5,54500,43.37213,286700,43.4547,43.29394
Sell,-100,43.5,54400,43.37236,286800,43.45472,43.29356
Sell,-100,43.5,54300,43.3726,286900,43.45473,43.29318
Sell,-300,43.5,54000,43.3733,287200,43.45478,43.29203
Sell,-200,43.55,53800,43.37395,287400,43.45485,43.29107
Sell,-100,43.55,53700,43.37427,287500,43.45488,43.29059
Sell,-300,43.54,53400,43.37519,287800,43.45497,43.28918
Sell,-100,43.54,53300,43.3755,287900,43.455,43.28871
Sell,-100,43.54,53200,43.37581,288000,43.45503,43.28824
Sell,-300,43.54,52900,43.37673,288300,43.45512,43.28681
Sell,-100,43.54,52800,43.37704,288400,43.45515,43.28633
Sell,-100,43.54,52700,43.37735,288500,43.45518,43.28585
Sell,-100,43.54,52600,43.37766,288600,43.45521,43.28537
Sell,-300,43.5,52300,43.37835,288900,43.45525,43.28414
Sell,-300,43.48,52000,43.37893,289200,43.45528,43.28301
Sell,-100,43.48,51900,43.37912,289300,43.45529,43.28263
Sell,-100,43.48,51800,43.37932,289400,43.4553,43.28225
Sell,-400,43.48,51400,43.38009,289800,43.45533,43.28071
Sell,-100,43.48,51300,43.38028,289900,43.45534,43.28032
Sell,-400,43.5,50900,43.38121,290300,43.4554,43.27859
Sell,-100,43.5,50800,43.38144,290400,43.45541,43.27816
Sell,-100,43.5,50700,43.38167,290500,43.45543,43.27772
Sell,-100,43.5,50600,43.38191,290600,43.45545,43.27728
Sell,-100,43.49,50500,43.38212,290700,43.45546,43.27686
Sell,-100,43.49,50400,43.38233,290800,43.45547,43.27644
Sell,-100,43.49,50300,43.38255,290900,43.45548,43.27601
Sell,-100,43.49,50200,43.38276,291000,43.45549,43.27559
Sell,-100,43.49,50100,43.38297,291100,43.4555,43.27516
Sell,-100,43.49,50000,43.38319,291200,43.45552,43.27473
Sell,-100,43.49,49900,43.3834,291300,43.45553,43.2743
Sell,-400,43.49,49500,43.38425,291700,43.45558,43.27255
Sell,-100,43.49,49400,43.38446,291800,43.45559,43.27211
Sell,-200,43.49,49200,43.38489,292000,43.45561,43.27123
Sell,-200,43.48,49000,43.38527,292200,43.45563,43.27038
Sell,-400,43.48,48600,43.38604,292600,43.45566,43.26865
Sell,-100,43.51,48500,43.38629,292700,43.45568,43.26815
Sell,-100,43.51,48400,43.38655,292800,43.4557,43.26765
Sell,-100,43.51,48300,43.3868,292900,43.45572,43.26715
Sell,-100,43.51,48200,43.38706,293000,43.45574,43.26665
Sell,-100,43.51,48100,43.38731,293100,43.45575,43.26614
Sell,-400,43.47,47700,43.38799,293500,43.45577,43.26443
Sell,-200,43.47,47500,43.38834,293700,43.45578,43.26357
Sell,-100,43.47,47400,43.38851,293800,43.45579,43.26313
Sell,-100,43.47,47300,43.38868,293900,43.45579,43.26269
Sell,-100,43.47,47200,43.38885,294000,43.4558,43.26226
Sell,-100,43.47,47100,43.38902,294100,43.4558,43.26181
Sell,-300,43.42,46800,43.38922,294400,43.45577,43.2608
Buy,200,43.41,47000,43.38931,294600,43.45573,43.26144
Sell,-200,43.41,46800,43.38939,294800,43.4557,43.2608
Sell,-96,43.41,46704,43.38944,294896,43.45569,43.26049
Sell,-496,43.41,46208,43.38965,295392,43.45561,43.25889
Sell,-8,43.41,46200,43.38966,295400,43.45561,43.25886
Sell,-100,43.41,46100,43.3897,295500,43.4556,43.25854
Sell,-100,43.41,46000,43.38974,295600,43.45558,43.25821
Sell,-700,43.41,45300,43.39005,296300,43.45547,43.25586
Sell,-400,43.41,44900,43.39022,296700,43.45541,43.25449
Sell,-200,43.45,44700,43.39049,296900,43.45541,43.25361
Sell,-100,43.41,44600,43.39053,297000,43.45539,43.25326
Sell,-100,43.41,44500,43.39057,297100,43.45538,43.25291
Sell,-100,43.41,44400,43.39062,297200,43.45536,43.25256
Sell,-100,43.41,44300,43.39066,297300,43.45535,43.2522
Sell,-400,43.37,43900,43.39048,297700,43.45523,43.25113
Sell,-100,43.37,43800,43.39043,297800,43.4552,43.25086
Sell,-100,43.37,43700,43.39038,297900,43.45517,43.25058
Sell,-100,43.37,43600,43.39034,298000,43.45515,43.25031
Sell,-400,43.31,43200,43.38961,298400,43.45495,43.24976
Sell,-600,43.31,42600,43.38852,299000,43.45466,43.24891
Sell,-200,43.32,42400,43.3882,299200,43.45457,43.24857
Sell,-200,43.32,42200,43.38788,299400,43.45448,43.24823
Sell,-200,43.32,42000,43.38756,299600,43.45439,43.24789
Sell,-300,43.33,41700,43.38715,299900,43.45427,43.2473
Sell,-600,43.35,41100,43.38662,300500,43.45406,43.2458
Sell,-200,43.32,40900,43.3863,300700,43.45397,43.24544
Sell,-100,43.31,40800,43.38611,300800,43.45392,43.24528
Sell,-100,43.31,40700,43.38593,300900,43.45387,43.24512
Sell,-100,43.31,40600,43.38574,301000,43.45383,43.24496
Sell,-100,43.31,40500,43.38555,301100,43.45378,43.2448
Sell,-100,43.31,40400,43.38537,301200,43.45373,43.24464
Sell,-100,43.31,40300,43.38518,301300,43.45368,43.24448
Sell,-300,43.32,40000,43.3847,301600,43.45355,43.24391
Sell,-100,43.31,39900,43.38451,301700,43.4535,43.24375
Sell,-200,43.31,39700,43.38414,301900,43.45341,43.24341
Sell,-200,43.3,39500,43.38372,302100,43.45331,43.24313
Sell,-300,43.3,39200,43.38309,302400,43.45315,43.24269
Sell,-100,43.3,39100,43.38288,302500,43.4531,43.24254
Buy,100,43.29,39200,43.38264,302600,43.45305,43.24267
Buy,100,43.27,39300,43.38235,302700,43.45299,43.24273
Buy,100,43.27,39400,43.38207,302800,43.45293,43.2428
Buy,100,43.29,39500,43.38184,302900,43.45287,43.24292
Buy,200,43.29,39700,43.38137,303100,43.45277,43.24316
Buy,100,43.29,39800,43.38114,303200,43.45271,43.24328
Buy,100,43.29,39900,43.38092,303300,43.45266,43.2434
Buy,100,43.28,40000,43.38066,303400,43.4526,43.24349
Sell,-100,43.26,39900,43.38036,303500,43.45254,43.24345
Buy,200,43.29,40100,43.37991,303700,43.45243,43.24368
Buy,500,43.28,40600,43.37868,304200,43.45215,43.24412
Buy,141,43.29,40741,43.37837,304341,43.45207,43.24428
Buy,100,43.29,40841,43.37816,304441,43.45202,43.2444
Buy,100,43.29,40941,43.37794,304541,43.45197,43.24451
Buy,59,43.29,41000,43.37782,304600,43.45194,43.24457
Buy,100,43.27,41100,43.37755,304700,43.45188,43.24463
Buy,200,43.27,41300,43.37703,304900,43.45176,43.24476
Buy,300,43.25,41600,43.37612,305200,43.45156,43.24479
Buy,100,43.25,41700,43.37581,305300,43.45149,43.24481
Buy,100,43.25,41800,43.37551,305400,43.45143,43.24482
Buy,100,43.25,41900,43.37521,305500,43.45136,43.24483
Buy,100,43.25,42000,43.37492,305600,43.45129,43.24484
Buy,100,43.25,42100,43.37462,305700,43.45123,43.24486
Buy,100,43.25,42200,43.37432,305800,43.45116,43.24487
Buy,100,43.25,42300,43.37403,305900,43.4511,43.24488
Buy,100,43.25,42400,43.37374,306000,43.45103,43.24489
Buy,100,43.25,42500,43.37345,306100,43.45097,43.24491
Buy,100,43.25,42600,43.37316,306200,43.4509,43.24492
Buy,100,43.25,42700,43.37287,306300,43.45083,43.24493
Buy,100,43.25,42800,43.37258,306400,43.45077,43.24494
Buy,100,43.25,42900,43.37229,306500,43.4507,43.24495
Buy,200,43.21,43100,43.37154,306700,43.45055,43.24479
Buy,100,43.21,43200,43.37117,306800,43.45047,43.24471
Buy,300,43.24,43500,43.37026,307100,43.45026,43.24468
Buy,100,43.15,43600,43.36976,307200,43.45016,43.24446
Buy,100,43.15,43700,43.36925,307300,43.45007,43.24424
Buy,200,43.15,43900,43.36826,307500,43.44987,43.24381
Buy,100,43.15,44000,43.36776,307600,43.44977,43.2436
Buy,100,43.15,44100,43.36727,307700,43.44968,43.24339
Buy,500,43.14,44600,43.36472,308200,43.44917,43.24223
Buy,200,43,44800,43.36309,308400,43.44888,43.24115
Buy,200,43.05,45000,43.3617,308600,43.44862,43.2403
Buy,200,43.05,45200,43.36032,308800,43.44837,43.23946
Buy,100,43.05,45300,43.35963,308900,43.44824,43.23904
Buy,100,43.05,45400,43.35895,309000,43.44811,43.23862
Buy,200,43.05,45600,43.3576,309200,43.44785,43.2378
Buy,200,43.05,45800,43.35625,309400,43.44759,43.23698
Buy,100,43.02,45900,43.35552,309500,43.44746,43.2365
Buy,200,43.02,46100,43.35407,309700,43.44718,43.23556
Buy,400,42.95,46500,43.35059,310100,43.44654,43.23311
Buy,200,42.95,46700,43.34887,310300,43.44622,43.23189
Buy,100,42.95,46800,43.34802,310400,43.44606,43.23129
Buy,100,42.95,46900,43.34717,310500,43.4459,43.23069
Buy,100,42.95,47000,43.34633,310600,43.44574,43.2301
Buy,300,42.93,47300,43.34369,310900,43.44524,43.22819
Buy,100,42.93,47400,43.34282,311000,43.44508,43.22756
Buy,600,42.94,48000,43.33778,311600,43.4441,43.22397
Buy,100,42.92,48100,43.33691,311700,43.44393,43.22334
Buy,200,42.92,48300,43.33519,311900,43.4436,43.22208
Buy,100,42.91,48400,43.33431,312000,43.44343,43.22144
Buy,100,42.91,48500,43.33343,312100,43.44326,43.22079
Buy,100,42.91,48600,43.33256,312200,43.44309,43.22015
Buy,100,42.91,48700,43.33169,312300,43.44292,43.21952
Buy,100,42.91,48800,43.33083,312400,43.44274,43.21888
Buy,100,42.91,48900,43.32997,312500,43.44257,43.21825
Buy,300,42.91,49200,43.32741,312800,43.44206,43.21637
Buy,100,42.94,49300,43.32662,312900,43.4419,43.21581
Buy,500,42.94,49800,43.32274,313400,43.4411,43.21304
Buy,100,42.94,49900,43.32197,313500,43.44094,43.21249
Buy,400,42.94,50300,43.31894,313900,43.4403,43.21033
Buy,900,42.94,51200,43.31227,314800,43.43887,43.20558
Buy,100,42.93,51300,43.31153,314900,43.43871,43.20504
Buy,800,42.93,52100,43.30567,315700,43.43742,43.20082
Buy,300,42.93,52400,43.30352,316000,43.43694,43.19926
Buy,100,42.93,52500,43.30281,316100,43.43678,43.19875
Buy,100,42.93,52600,43.3021,316200,43.43662,43.19824
Buy,400,42.93,53000,43.29929,316600,43.43598,43.19622
Buy,1000,42.93,54000,43.29245,317600,43.43439,43.19129
Buy,300,42.88,54300,43.29017,317900,43.43386,43.18957
Buy,300,42.88,54600,43.28792,318200,43.43334,43.18787
Buy,200,42.88,54800,43.28643,318400,43.43299,43.18674
Buy,200,42.88,55000,43.28495,318600,43.43265,43.18563
Buy,100,42.92,55100,43.28429,318700,43.43249,43.18514
Buy,100,42.92,55200,43.28363,318800,43.43233,43.18466
Buy,100,42.92,55300,43.28297,318900,43.43217,43.18419
Buy,700,42.92,56000,43.27844,319600,43.43104,43.18088
Buy,300,42.88,56300,43.27631,319900,43.43053,43.17928
Buy,200,42.89,56500,43.27495,320100,43.43019,43.17826
Sell,-100,42.86,56400,43.27421,320200,43.43001,43.17882
Sell,-100,42.86,56300,43.27348,320300,43.42983,43.17939
Buy,400,42.91,56700,43.27092,320700,43.42918,43.17749
Buy,100,42.9,56800,43.27026,320800,43.42902,43.177
Buy,100,42.9,56900,43.26961,320900,43.42885,43.17651
Buy,100,42.9,57000,43.26896,321000,43.42869,43.17603
Buy,100,42.9,57100,43.26832,321100,43.42853,43.17554
Buy,100,42.9,57200,43.26767,321200,43.42836,43.17506
Buy,400,42.9,57600,43.26512,321600,43.4277,43.17315
Buy,400,42.9,58000,43.2626,322000,43.42705,43.17127
Buy,300,42.88,58300,43.26063,322300,43.42654,43.16977
Buy,300,42.89,58600,43.25874,322600,43.42604,43.16834
Buy,200,42.89,58800,43.25748,322800,43.42571,43.16739
Buy,100,42.9,58900,43.25687,322900,43.42554,43.16693
Buy,100,42.91,59000,43.25629,323000,43.42539,43.1665
Buy,200,42.91,59200,43.25512,323200,43.42507,43.16563
Buy,400,42.91,59600,43.2528,323600,43.42443,43.16392
Buy,500,42.91,60100,43.24995,324100,43.42364,43.1618
Buy,100,42.91,60200,43.24938,324200,43.42348,43.16139
Buy,100,42.91,60300,43.24882,324300,43.42332,43.16097
Buy,100,42.91,60400,43.24826,324400,43.42316,43.16055
Buy,300,42.97,60700,43.24688,324700,43.42274,43.15961
Buy,100,42.97,60800,43.24643,324800,43.4226,43.1593
Buy,100,42.97,60900,43.24598,324900,43.42246,43.15899
Buy,100,42.97,61000,43.24552,325000,43.42232,43.15868
Buy,100,42.97,61100,43.24507,325100,43.42219,43.15837
Buy,100,42.98,61200,43.24464,325200,43.42205,43.15808
Buy,100,42.94,61300,43.24414,325300,43.4219,43.15772
Buy,100,42.94,61400,43.24365,325400,43.42175,43.15737
Buy,100,42.94,61500,43.24315,325500,43.42161,43.15702
Buy,100,42.94,61600,43.24266,325600,43.42146,43.15666
Buy,200,42.94,61800,43.24168,325800,43.42116,43.15596
Buy,600,42.96,62400,43.23897,326400,43.42031,43.15408
Buy,700,42.96,63100,43.23588,327100,43.41933,43.15193
Buy,300,42.96,63400,43.23457,327400,43.41891,43.15102
Buy,100,42.96,63500,43.23414,327500,43.41877,43.15072
Buy,100,42.96,63600,43.23371,327600,43.41863,43.15042
Buy,600,42.96,64200,43.23115,328200,43.41779,43.14864
Buy,400,42.97,64600,43.22953,328600,43.41724,43.14753
Buy,600,42.97,65200,43.22715,329200,43.41643,43.1459
Buy,500,42.93,65700,43.22488,329700,43.41569,43.14425
Buy,400,42.93,66100,43.2231,330100,43.4151,43.14296
Buy,200,42.94,66300,43.22225,330300,43.41482,43.14234
Buy,200,42.94,66500,43.2214,330500,43.41453,43.14174
Buy,100,42.94,66600,43.22097,330600,43.41438,43.14143
Buy,100,42.94,66700,43.22055,330700,43.41424,43.14113
Buy,200,42.95,66900,43.21974,330900,43.41396,43.14056
Buy,100,42.95,67000,43.21934,331000,43.41382,43.14028
Buy,200,42.95,67200,43.21854,331200,43.41354,43.13971
Buy,400,42.87,67600,43.21648,331600,43.41288,43.13811
Buy,100,42.87,67700,43.21597,331700,43.41272,43.13772
Buy,100,42.87,67800,43.21546,331800,43.41256,43.13732
Buy,100,42.87,67900,43.21495,331900,43.41239,43.13693
Buy,100,42.87,68000,43.21444,332000,43.41223,43.13654
Buy,64,42.87,68064,43.21412,332064,43.41213,43.13629
Buy,100,42.87,68164,43.21361,332164,43.41196,43.1359
Buy,36,42.87,68200,43.21343,332200,43.4119,43.13575
Buy,100,42.87,68300,43.21293,332300,43.41174,43.13537
Buy,300,42.87,68600,43.21143,332600,43.41125,43.13421
Buy,100,42.87,68700,43.21093,332700,43.41109,43.13382
Buy,100,42.87,68800,43.21043,332800,43.41093,43.13344
Buy,100,42.87,68900,43.20994,332900,43.41076,43.13305
Buy,100,42.86,69000,43.20943,333000,43.4106,43.13266
Buy,300,42.86,69300,43.20792,333300,43.4101,43.13148
Buy,200,42.86,69500,43.20692,333500,43.40977,43.1307
Buy,100,42.86,69600,43.20642,333600,43.40961,43.13031
Buy,600,42.85,70200,43.20337,334200,43.4086,43.12791
Buy,700,42.85,70900,43.19989,334900,43.40744,43.12517
Buy,100,42.85,71000,43.19939,335000,43.40727,43.12478
Buy,600,42.85,71600,43.19647,335600,43.40627,43.12248
Buy,100,42.85,71700,43.19598,335700,43.40611,43.1221
Buy,100,42.85,71800,43.1955,335800,43.40594,43.12172
Buy,100,42.9,71900,43.19509,335900,43.40579,43.12141
Buy,100,42.9,72000,43.19468,336000,43.40564,43.1211
Buy,300,42.9,72300,43.19346,336300,43.40519,43.12019
Buy,100,42.9,72400,43.19305,336400,43.40504,43.11988
Buy,100,42.9,72500,43.19265,336500,43.40489,43.11958
Buy,100,42.9,72600,43.19224,336600,43.40474,43.11928
Buy,100,42.9,72700,43.19184,336700,43.40459,43.11897
Buy,500,42.9,73200,43.18985,337200,43.40384,43.11748
Buy,400,42.9,73600,43.18827,337600,43.40324,43.1163
Buy,100,42.86,73700,43.18783,337700,43.40308,43.11595
Buy,300,42.86,74000,43.1865,338000,43.4026,43.11491
Buy,100,42.86,74100,43.18606,338100,43.40244,43.11457
Buy,100,42.86,74200,43.18562,338200,43.40228,43.11422
Buy,100,42.86,74300,43.18518,338300,43.40212,43.11388
Buy,200,42.86,74500,43.18431,338500,43.4018,43.1132
Buy,900,42.83,75400,43.18008,339400,43.40028,43.10982
Buy,100,42.82,75500,43.1796,339500,43.40011,43.10944
Buy,300,42.82,75800,43.17818,339800,43.3996,43.10829
Buy,400,42.87,76200,43.17656,340200,43.39898,43.10704
Buy,100,42.87,76300,43.17616,340300,43.39882,43.10673
Buy,300,43.02,76600,43.17555,340600,43.39849,43.10639
Sell,-100,43.07,76500,43.17541,340700,43.39839,43.10644
Sell,-300,43.13,76200,43.17523,341000,43.39816,43.10634
Buy,200,43.15,76400,43.17517,341200,43.39801,43.10646
Buy,300,43.14,76700,43.17503,341500,43.39778,43.10659
Buy,700,43.17,77400,43.17498,342200,43.39732,43.10716
Buy,300,43.17,77700,43.17496,342500,43.39712,43.10741
Buy,400,43.17,78100,43.17494,342900,43.39685,43.10773
Sell,-200,43.16,77900,43.1749,343100,43.39672,43.10759
Sell,-300,43.16,77600,43.17484,343400,43.39651,43.10739
Sell,-300,43.16,77300,43.17479,343700,43.3963,43.10719
Buy,500,43.14,77800,43.17456,344200,43.39593,43.1074
Sell,-100,43.1,77700,43.17447,344300,43.39585,43.10741
Buy,100,43.11,77800,43.17438,344400,43.39576,43.10741
Buy,400,43.11,78200,43.17405,344800,43.39543,43.10742
Buy,100,43.11,78300,43.17397,344900,43.39535,43.10743
Buy,100,43.11,78400,43.17389,345000,43.39527,43.10743
Buy,100,43.11,78500,43.17381,345100,43.39518,43.10743
Sell,-100,43.07,78400,43.17368,345200,43.39509,43.10748
Sell,-100,43.07,78300,43.17355,345300,43.39499,43.10753
Sell,-100,43.07,78200,43.17341,345400,43.3949,43.10758
Sell,-100,43.07,78100,43.17328,345500,43.39481,43.10762
Sell,-200,43.09,77900,43.17307,345700,43.39463,43.10767
Buy,100,43.08,78000,43.17295,345800,43.39454,43.10763
Buy,100,43.08,78100,43.17283,345900,43.39445,43.1076
Buy,100,43.08,78200,43.17271,346000,43.39436,43.10756
Buy,100,43.08,78300,43.17259,346100,43.39427,43.10753
Buy,100,43.08,78400,43.17248,346200,43.39418,43.10749
Sell,-100,43.1,78300,43.17238,346300,43.39409,43.1075
Sell,-100,43.1,78200,43.17229,346400,43.39401,43.10751
Sell,-100,43.1,78100,43.1722,346500,43.39392,43.10752
Buy,900,43.1,79000,43.17138,347400,43.39316,43.10744
Sell,-200,43.06,78800,43.17109,347600,43.39297,43.10756
Sell,-200,43.06,78600,43.17081,347800,43.39278,43.10768
Buy,300,43.06,78900,43.17039,348100,43.39249,43.1075
Buy,100,43.12,79000,43.17033,348200,43.39241,43.10751
Buy,200,43.12,79200,43.1702,348400,43.39225,43.10754
Buy,900,43.13,80100,43.16975,349300,43.39158,43.1078
Sell,-300,43.14,79800,43.16964,349600,43.39136,43.10768
Sell,-400,43.13,79400,43.16944,350000,43.39106,43.10756
Sell,-200,43.15,79200,43.16939,350200,43.39093,43.10746
Sell,-100,43.15,79100,43.16937,350300,43.39086,43.1074
Sell,-200,43.15,78900,43.16932,350500,43.39072,43.10729
Sell,-100,43.15,78800,43.16929,350600,43.39065,43.10724
Buy,200,43.15,79000,43.16924,350800,43.39051,43.10735
Sell,-100,43.14,78900,43.16921,350900,43.39044,43.10731
Buy,200,43.13,79100,43.16911,351100,43.39029,43.10736
Buy,200,43.13,79300,43.16901,351300,43.39015,43.10742
Buy,100,43.13,79400,43.16896,351400,43.39007,43.10745
Buy,700,43.13,80100,43.16862,352100,43.38956,43.10765
Sell,-200,43.15,79900,43.16857,352300,43.38942,43.10754
Sell,-200,43.14,79700,43.1685,352500,43.38928,43.10746
Buy,100,43.15,79800,43.16848,352600,43.38921,43.10751
Buy,500,43.15,80300,43.16836,353100,43.38887,43.10778
Buy,100,43.13,80400,43.16832,353200,43.3888,43.1078
Buy,100,43.13,80500,43.16827,353300,43.38872,43.10783
Buy,100,43.13,80600,43.16822,353400,43.38865,43.10786
Buy,100,43.13,80700,43.16817,353500,43.38858,43.10789
Buy,100,43.13,80800,43.16813,353600,43.38851,43.10791
Buy,100,43.13,80900,43.16808,353700,43.38843,43.10794
Sell,-100,43.14,80800,43.16805,353800,43.38836,43.1079
Buy,100,43.17,80900,43.16805,353900,43.3883,43.10798
Buy,600,43.17,81500,43.16806,354500,43.38793,43.10844
Buy,300,43.17,81800,43.16807,354800,43.38775,43.10866
Sell,-200,43.18,81600,43.1681,355000,43.38763,43.10849
Sell,-300,43.19,81300,43.16818,355300,43.38746,43.10819
Buy,100,43.18,81400,43.16819,355400,43.3874,43.10827
Buy,100,43.18,81500,43.16821,355500,43.38735,43.10836
Buy,100,43.18,81600,43.16822,355600,43.38729,43.10845
Buy,100,43.18,81700,43.16824,355700,43.38723,43.10854
Buy,100,43.18,81800,43.16825,355800,43.38717,43.10862
Buy,100,43.18,81900,43.16827,355900,43.38711,43.10871
Buy,100,43.18,82000,43.16828,356000,43.38705,43.1088
Sell,-300,43.19,81700,43.16836,356300,43.38689,43.1085
Sell,-100,43.19,81600,43.16839,356400,43.38683,43.1084
Buy,100,43.23,81700,43.16846,356500,43.38679,43.10855
Buy,300,43.23,82000,43.16869,356800,43.38666,43.10899
Sell,-200,43.22,81800,43.16881,357000,43.38656,43.10872
Sell,-100,43.22,81700,43.16887,357100,43.38652,43.10859
Sell,-100,43.22,81600,43.16894,357200,43.38647,43.10845
Buy,300,43.19,81900,43.16901,357500,43.38631,43.10875
Sell,-204,43.2,81696,43.16909,357704,43.3862,43.10852
Sell,-100,43.2,81596,43.16913,357804,43.38615,43.10841
Sell,-196,43.2,81400,43.1692,358000,43.38605,43.10819
Sell,-400,43.19,81000,43.1693,358400,43.38583,43.10778
Buy,100,43.19,81100,43.16933,358500,43.38577,43.10788
Buy,100,43.17,81200,43.16933,358600,43.38571,43.10796
Sell,-100,43.2,81100,43.16937,358700,43.38566,43.10785
Sell,-200,43.19,80900,43.16942,358900,43.38555,43.10764
Buy,200,43.19,81100,43.16947,359100,43.38544,43.10785
Buy,200,43.19,81300,43.16952,359300,43.38533,43.10805
Buy,100,43.19,81400,43.16954,359400,43.38528,43.10815
Buy,300,43.19,81700,43.16962,359700,43.38512,43.10845
Sell,-100,43.19,81600,43.16964,359800,43.38506,43.10835
Sell,-500,43.19,81100,43.16977,360300,43.38479,43.10785
Buy,700,43.14,81800,43.16951,361000,43.38432,43.10812
Buy,100,43.1,81900,43.16943,361100,43.38424,43.10811
Buy,700,43.11,82600,43.16893,361800,43.38371,43.10813
Buy,200,43.11,82800,43.16878,362000,43.38356,43.10813
Sell,-100,43.12,82700,43.16872,362100,43.38348,43.10812
Sell,-100,43.12,82600,43.16867,362200,43.38341,43.1081
Buy,300,43.11,82900,43.16845,362500,43.38318,43.10811
Buy,400,43.11,83300,43.16817,362900,43.38288,43.10812
Sell,-200,43.06,83100,43.16791,363100,43.38271,43.10824
Sell,-100,43.06,83000,43.16778,363200,43.38262,43.10829
Sell,-100,43.06,82900,43.16765,363300,43.38253,43.10835
Sell,-100,43.05,82800,43.16751,363400,43.38244,43.10842
Sell,-100,43.05,82700,43.16737,363500,43.38235,43.10849
Sell,-200,43,82500,43.16697,363700,43.38213,43.10876
Buy,700,43.01,83200,43.16565,364400,43.38142,43.10793
Buy,200,42.97,83400,43.16518,364600,43.38119,43.1076
Buy,100,42.97,83500,43.16494,364700,43.38108,43.10743
Buy,100,42.97,83600,43.16471,364800,43.38097,43.10727
Buy,100,42.97,83700,43.16448,364900,43.38086,43.1071
Buy,300,42.97,84000,43.16378,365200,43.38052,43.10661
Buy,900,43.07,84900,43.16279,366100,43.37976,43.10622
Buy,60,43.07,84960,43.16272,366160,43.3797,43.1062
Buy,40,43.07,85000,43.16268,366200,43.37967,43.10618
Buy,200,43.06,85200,43.16244,366400,43.3795,43.10607
Buy,100,43.04,85300,43.16229,366500,43.3794,43.106
Buy,600,43.04,85900,43.16144,367100,43.37885,43.10554
Buy,100,43.04,86000,43.1613,367200,43.37876,43.10546
Buy,100,43.04,86100,43.16116,367300,43.37866,43.10538
Buy,100,43.04,86200,43.16102,367400,43.37857,43.10531
Buy,200,43.04,86400,43.16074,367600,43.37839,43.10516
Buy,500,43.04,86900,43.16004,368100,43.37793,43.10478
Buy,100,43.04,87000,43.1599,368200,43.37784,43.10471
Buy,100,43.09,87100,43.15982,368300,43.37776,43.10469
Buy,200,43.09,87300,43.15966,368500,43.3776,43.10466
Sell,-200,43.08,87100,43.15948,368700,43.37744,43.10471
Buy,100,43.08,87200,43.15939,368800,43.37736,43.10468
Sell,-200,43.09,87000,43.15923,369000,43.3772,43.10472
Buy,700,43.09,87700,43.15868,369700,43.37666,43.1046
Sell,-100,43.1,87600,43.15861,369800,43.37659,43.10461
Sell,-100,43.09,87500,43.15854,369900,43.37651,43.10462
Sell,-200,43.1,87300,43.1584,370100,43.37636,43.10463
Buy,200,43.09,87500,43.15825,370300,43.3762,43.1046
Buy,300,43.09,87800,43.15801,370600,43.37597,43.10455
Buy,200,43.05,88000,43.15777,370800,43.3758,43.10443
Buy,200,43.05,88200,43.15752,371000,43.37562,43.1043
Buy,300,43.05,88500,43.15716,371300,43.37536,43.10412
Buy,300,43.05,88800,43.1568,371600,43.3751,43.10394
Buy,300,43.06,89100,43.15647,371900,43.37484,43.10379
Buy,1000,43.03,90100,43.15507,372900,43.37392,43.10297
Sell,-100,42.97,90000,43.15486,373000,43.37381,43.10312
Sell,-100,42.98,89900,43.15467,373100,43.3737,43.10325
Buy,700,42.98,90600,43.15332,373800,43.37297,43.1023
Buy,700,42.92,91300,43.15153,374500,43.37212,43.1009
Sell,-200,42.93,91100,43.15104,374700,43.37188,43.10128
Sell,-200,42.93,90900,43.15056,374900,43.37165,43.10166
Buy,700,42.89,91600,43.14857,375600,43.37075,43.10004
Sell,-100,42.89,91500,43.14829,375700,43.37062,43.10027
Sell,-100,42.89,91400,43.148,375800,43.37049,43.1005
Buy,100,43.05,91500,43.1479,375900,43.37041,43.10044
Buy,700,43.11,92200,43.14761,376600,43.36992,43.10051
Buy,1000,43.11,93200,43.14721,377600,43.36924,43.10062
Buy,100,43.05,93300,43.1471,377700,43.36915,43.10056
Buy,500,43.05,93800,43.14658,378200,43.36873,43.10029
Buy,100,43.05,93900,43.14648,378300,43.36865,43.10024
Buy,700,43,94600,43.1454,379000,43.36796,43.0995
Buy,300,43,94900,43.14494,379300,43.36767,43.09918
Buy,100,43.01,95000,43.1448,379400,43.36758,43.09909
Buy,400,43.02,95400,43.14427,379800,43.36721,43.09876
Buy,100,43.02,95500,43.14414,379900,43.36712,43.09868
Buy,100,43.02,95600,43.14401,380000,43.36703,43.09859
Buy,700,43.03,96300,43.14318,380700,43.36641,43.09809
Buy,558,43.05,96858,43.14265,381258,43.36595,43.09782
Buy,100,43.06,96958,43.14256,381358,43.36587,43.09778
Buy,42,43.06,97000,43.14253,381400,43.36583,43.09776
Buy,400,43.1,97400,43.14235,381800,43.36555,43.09777
Buy,300,43.1,97700,43.14222,382100,43.36535,43.09778
Buy,200,43.07,97900,43.14207,382300,43.36519,43.09772
Buy,100,43.07,98000,43.142,382400,43.36511,43.09769
Buy,100,43.07,98100,43.14193,382500,43.36504,43.09766
Buy,100,43.07,98200,43.14185,382600,43.36496,43.09764
Buy,100,43.07,98300,43.14178,382700,43.36488,43.09761
Buy,300,43.07,98600,43.14156,383000,43.36465,43.09752
Buy,100,43.07,98700,43.14149,383100,43.36458,43.0975
Buy,100,43.07,98800,43.14142,383200,43.3645,43.09747
Buy,700,43.04,99500,43.1407,383900,43.36391,43.09706
Buy,100,43.01,99600,43.14057,384000,43.36381,43.09698
Buy,100,43.14,99700,43.14057,384100,43.36376,43.09702
Buy,400,43.15,100100,43.14061,384500,43.36353,43.09723
Buy,100,43.04,100200,43.14051,384600,43.36345,43.09717
Buy,400,43.12,100600,43.14043,385000,43.3632,43.09727
Buy,400,43.1,101000,43.14027,385400,43.36292,43.09728
Buy,100,43.1,101100,43.14023,385500,43.36286,43.09728
Buy,500,43,101600,43.13954,386000,43.36239,43.0968
Buy,100,43.02,101700,43.13942,386100,43.3623,43.09672
Buy,100,43.02,101800,43.1393,386200,43.36221,43.09665
Buy,300,43,102100,43.13889,386500,43.36193,43.09637
Buy,100,43.04,102200,43.1388,386600,43.36184,43.09631
Buy,100,43.04,102300,43.1387,386700,43.36176,43.09626
Buy,500,43.04,102800,43.13822,387200,43.36135,43.09598
Buy,600,42.99,103400,43.13736,387800,43.36077,43.09537
Buy,100,42.92,103500,43.13715,387900,43.36066,43.0952
Buy,100,42.92,103600,43.13694,388000,43.36054,43.09503
Buy,200,42.92,103800,43.13652,388200,43.36032,43.09469
Buy,100,42.92,103900,43.13631,388300,43.3602,43.09452
Buy,100,42.92,104000,43.13611,388400,43.36009,43.09435
Buy,100,42.92,104100,43.1359,388500,43.35998,43.09419
Buy,400,42.93,104500,43.13511,388900,43.35953,43.09356
Buy,300,42.93,104800,43.13452,389200,43.3592,43.09309
Buy,100,42.95,104900,43.13435,389300,43.3591,43.09295
Buy,200,42.95,105100,43.134,389500,43.35889,43.09268
Buy,500,42.95,105600,43.13313,390000,43.35836,43.09201
Buy,100,42.98,105700,43.13298,390100,43.35827,43.0919
Buy,600,42.98,106300,43.13212,390700,43.35769,43.09127
Buy,100,43.04,106400,43.13203,390800,43.3576,43.09122
Buy,300,43.04,106700,43.13177,391100,43.35736,43.09108
Buy,100,43.06,106800,43.1317,391200,43.35728,43.09105
Buy,100,43.06,106900,43.13164,391300,43.35721,43.09102
Buy,500,43.06,107400,43.1313,391800,43.35683,43.09087
Buy,300,43.11,107700,43.13124,392100,43.35664,43.09093
Buy,100,43.08,107800,43.1312,392200,43.35657,43.09092
Buy,400,43.08,108200,43.13101,392600,43.35629,43.09088
Buy,200,43.08,108400,43.13091,392800,43.35615,43.09086
Buy,400,42.97,108800,43.13032,393200,43.35576,43.09041
Buy,100,42.88,108900,43.13009,393300,43.35563,43.09022
Buy,100,42.88,109000,43.12986,393400,43.35551,43.09003
Buy,100,42.88,109100,43.12963,393500,43.35539,43.08983
Buy,200,42.88,109300,43.12918,393700,43.35515,43.08945
Buy,100,42.88,109400,43.12895,393800,43.35503,43.08926
Buy,100,42.88,109500,43.12872,393900,43.35491,43.08907
Buy,700,42.91,110200,43.12733,394600,43.35412,43.08793
Buy,300,42.91,110500,43.12674,394900,43.35378,43.08745
Buy,400,42.9,110900,43.12592,395300,43.35332,43.08677
Buy,700,42.9,111600,43.12451,396000,43.35252,43.0856
Buy,400,42.88,112000,43.12363,396400,43.35205,43.08487
Buy,200,42.84,112200,43.12313,396600,43.35179,43.08443
Buy,100,42.84,112300,43.12288,396700,43.35166,43.08421
Buy,100,42.84,112400,43.12263,396800,43.35153,43.08399
Buy,100,42.81,112500,43.12235,396900,43.35139,43.08375
Buy,100,42.81,112600,43.12207,397000,43.35126,43.08351
Buy,100,42.81,112700,43.12179,397100,43.35112,43.08326
Buy,400,42.83,113100,43.12076,397500,43.3506,43.08237
Buy,100,42.83,113200,43.1205,397600,43.35047,43.08215
Buy,100,42.83,113300,43.12025,397700,43.35033,43.08192
Buy,100,42.83,113400,43.11999,397800,43.3502,43.0817
Buy,100,42.79,113500,43.1197,397900,43.35006,43.08144
Buy,100,42.79,113600,43.11941,398000,43.34992,43.08119
Buy,200,42.79,113800,43.11883,398200,43.34964,43.08068
Buy,300,42.77,114100,43.11791,398500,43.3492,43.07986
Buy,300,42.74,114400,43.11692,398800,43.34875,43.07897
Buy,300,42.68,114700,43.11578,399100,43.34824,43.07792
Buy,100,42.68,114800,43.1154,399200,43.34808,43.07758
Buy,100,42.68,114900,43.11502,399300,43.34791,43.07723
Buy,200,42.68,115100,43.11427,399500,43.34757,43.07654
Buy,500,42.67,115600,43.11234,400000,43.34673,43.07478
Buy,100,42.67,115700,43.11196,400100,43.34656,43.07443
Buy,500,42.68,116200,43.1101,400600,43.34573,43.07274
Buy,400,42.66,116600,43.10856,401000,43.34504,43.07132
Buy,100,42.58,116700,43.10811,401100,43.34485,43.0709
Buy,400,42.59,117100,43.10634,401500,43.3441,43.06926
Buy,300,42.63,117400,43.10512,401800,43.34357,43.06813
Buy,300,42.63,117700,43.10391,402100,43.34303,43.06702
Buy,100,42.63,117800,43.10351,402200,43.34286,43.06665
Buy,300,42.63,118100,43.1023,402500,43.34233,43.06554
Buy,100,42.65,118200,43.10192,402600,43.34215,43.06519
Buy,400,42.65,118600,43.1004,403000,43.34147,43.06378
Buy,100,42.52,118700,43.09991,403100,43.34126,43.06333
Buy,300,42.52,119000,43.09845,403400,43.34065,43.06196
Buy,300,42.55,119300,43.09707,403700,43.34006,43.06067
Buy,200,42.53,119500,43.09612,403900,43.33966,43.05978
Buy,84,42.53,119584,43.09572,403984,43.33949,43.05941
Buy,100,42.53,119684,43.09525,404084,43.33929,43.05897
Buy,100,42.53,119784,43.09478,404184,43.33909,43.05853
Buy,100,42.53,119884,43.0943,404284,43.33889,43.05808
Buy,16,42.53,119900,43.09423,404300,43.33886,43.05801
Buy,400,42.57,120300,43.09249,404700,43.3381,43.05639
Buy,400,42.55,120700,43.09069,405100,43.33732,43.05471
Buy,100,42.55,120800,43.09024,405200,43.33713,43.0543
Buy,100,42.53,120900,43.08978,405300,43.33693,43.05386
Buy,300,42.53,121200,43.08839,405600,43.33633,43.05257
Buy,100,42.57,121300,43.08796,405700,43.33614,43.05217
Sell,-100,42.66,121200,43.08761,405800,43.33598,43.05249
Sell,-100,42.62,121100,43.08723,405900,43.3358,43.05285
Buy,500,42.64,121600,43.08539,406400,43.33495,43.05115
Sell,-100,42.63,121500,43.08501,406500,43.33477,43.0515
Buy,100,42.65,121600,43.08466,406600,43.3346,43.05117
Buy,100,42.65,121700,43.0843,406700,43.33444,43.05084
Buy,100,42.65,121800,43.08394,406800,43.33427,43.05051
Buy,100,42.65,121900,43.08359,406900,43.3341,43.05018
Buy,100,42.66,122000,43.08324,407000,43.33393,43.04986
Buy,200,42.67,122200,43.08256,407200,43.33361,43.04924
Buy,200,42.71,122400,43.08195,407400,43.3333,43.04868
Buy,200,42.71,122600,43.08135,407600,43.333,43.04813
Buy,200,42.76,122800,43.08082,407800,43.33271,43.04766
Buy,100,42.76,122900,43.08056,407900,43.33257,43.04743
Buy,100,42.76,123000,43.0803,408000,43.33243,43.04719
Buy,200,42.8,123200,43.07985,408200,43.33217,43.04679
Buy,200,42.75,123400,43.07931,408400,43.33189,43.04631
Buy,100,42.76,123500,43.07905,408500,43.33175,43.04608
Buy,400,42.76,123900,43.07802,408900,43.33119,43.04516
Buy,100,42.77,124000,43.07777,409000,43.33105,43.04493
Buy,200,42.77,124200,43.07728,409200,43.33078,43.04449
Buy,300,42.76,124500,43.07651,409500,43.33036,43.04381
Buy,400,42.76,124900,43.0755,409900,43.3298,43.0429
Buy,400,42.75,125300,43.07446,410300,43.32924,43.04196
Buy,100,42.75,125400,43.0742,410400,43.3291,43.04173
Buy,100,42.75,125500,43.07395,410500,43.32895,43.0415
Buy,100,42.74,125600,43.07368,410600,43.32881,43.04126
Sell,-300,42.68,125300,43.07274,410900,43.32834,43.04212
Sell,-135,42.69,125165,43.07233,411035,43.32813,43.0425
Sell,-165,42.69,125000,43.07183,411200,43.32787,43.04297
Buy,400,42.71,125400,43.07067,411600,43.32727,43.04191
Sell,-200,42.71,125200,43.0701,411800,43.32697,43.04244
Sell,-100,42.7,125100,43.0698,411900,43.32682,43.04271
Sell,-100,42.69,125000,43.0695,412000,43.32666,43.04299
Sell,-200,42.7,124800,43.06891,412200,43.32636,43.04354
Buy,100,42.7,124900,43.06861,412300,43.32621,43.04327
Buy,100,42.7,125000,43.06832,412400,43.32606,43.04299
Buy,200,42.72,125200,43.06776,412600,43.32576,43.04248
Buy,100,42.72,125300,43.06748,412700,43.32562,43.04222
Sell,-200,42.7,125100,43.0669,412900,43.32531,43.04276
Buy,200,42.76,125300,43.06641,413100,43.32504,43.04231
Buy,100,42.72,125400,43.06613,413200,43.32489,43.04206
Buy,100,42.73,125500,43.06586,413300,43.32475,43.04181
Buy,100,42.73,125600,43.0656,413400,43.32461,43.04156
Buy,200,42.76,125800,43.06511,413600,43.32433,43.04111
Sell,-100,42.75,125700,43.06486,413700,43.32419,43.04134
Buy,100,42.78,125800,43.06463,413800,43.32406,43.04114
Buy,100,42.64,125900,43.0643,413900,43.3239,43.04082
Buy,100,42.55,126000,43.06389,414000,43.32371,43.04043
Buy,300,42.56,126300,43.06269,414300,43.32316,43.03929
Buy,100,42.53,126400,43.06227,414400,43.32297,43.03888
Buy,200,42.54,126600,43.06145,414600,43.32259,43.0381
Buy,200,42.54,126800,43.06062,414800,43.32221,43.03731
Buy,200,42.49,127000,43.05972,415000,43.32181,43.03645
Buy,300,42.48,127300,43.05836,415300,43.3212,43.03514
Buy,100,42.51,127400,43.05793,415400,43.32101,43.03472
Buy,300,42.55,127700,43.05673,415700,43.32045,43.03359
Sell,-200,42.5,127500,43.05586,415900,43.32006,43.03442
Sell,-200,42.46,127300,43.05493,416100,43.31964,43.03533
Buy,100,42.57,127400,43.05455,416200,43.31946,43.03496
Buy,100,42.57,127500,43.05417,416300,43.31928,43.0346
Buy,100,42.6,127600,43.05381,416400,43.31911,43.03425
Sell,-200,42.7,127400,43.05326,416600,43.31881,43.03478
Buy,100,42.73,127500,43.05301,416700,43.31867,43.03454
Sell,-100,42.74,127400,43.05276,416800,43.31853,43.03477
Sell,-300,42.76,127100,43.05207,417100,43.31813,43.03542
Sell,-200,42.77,126900,43.05163,417300,43.31787,43.03584
Sell,-100,42.77,126800,43.05141,417400,43.31774,43.03605
Sell,-100,42.77,126700,43.05119,417500,43.3176,43.03626
Sell,-200,42.77,126500,43.05074,417700,43.31734,43.03668
Sell,-100,42.78,126400,43.05053,417800,43.31721,43.03688
Sell,-100,42.78,126300,43.05032,417900,43.31709,43.03709
Sell,-300,42.78,126000,43.04968,418200,43.3167,43.0377
Sell,-100,42.78,125900,43.04946,418300,43.31657,43.0379
Sell,-100,42.76,125800,43.04923,418400,43.31644,43.03812
Sell,-300,42.76,125500,43.04854,418700,43.31604,43.03879
Sell,-100,42.76,125400,43.04831,418800,43.31591,43.03901
Sell,-100,42.76,125300,43.04808,418900,43.31577,43.03923
Sell,-200,42.79,125100,43.04767,419100,43.31552,43.03963
Sell,-100,42.79,125000,43.04747,419200,43.3154,43.03983
Sell,-400,42.79,124600,43.04665,419600,43.3149,43.04063
Sell,-500,42.79,124100,43.04562,420100,43.31427,43.04164
Sell,-100,42.79,124000,43.04541,420200,43.31415,43.04185
Sell,-400,42.8,123600,43.04463,420600,43.31366,43.04263
Sell,-100,42.8,123500,43.04443,420700,43.31354,43.04283
Sell,-100,42.8,123400,43.04423,420800,43.31341,43.04302
Sell,-500,42.8,122900,43.04324,421300,43.31281,43.04401
Sell,-700,42.8,122200,43.04187,422000,43.31195,43.04541
Sell,-100,42.8,122100,43.04167,422100,43.31183,43.04561
Sell,-100,42.8,122000,43.04147,422200,43.31171,43.04581
Sell,-100,42.8,121900,43.04127,422300,43.31159,43.04601
Sell,-100,42.8,121800,43.04108,422400,43.31147,43.04621
Sell,-100,42.8,121700,43.04088,422500,43.31135,43.04642
Sell,-100,42.8,121600,43.04068,422600,43.31123,43.04662
Sell,-200,42.79,121400,43.04027,422800,43.31098,43.04704
Sell,-100,42.79,121300,43.04006,422900,43.31086,43.04725
Sell,-100,42.79,121200,43.03986,423000,43.31073,43.04747
Sell,-100,42.79,121100,43.03965,423100,43.31061,43.04768
Sell,-700,42.79,120400,43.03822,423800,43.30975,43.04918
Sell,-100,42.77,120300,43.03799,423900,43.30962,43.04941
Sell,-600,42.77,119700,43.03666,424500,43.30886,43.05081
Sell,-600,42.78,119100,43.03538,425100,43.30812,43.05217
Sell,-100,42.82,119000,43.0352,425200,43.308,43.05237
Sell,-100,42.82,118900,43.03502,425300,43.30789,43.05256
Sell,-100,42.82,118800,43.03484,425400,43.30777,43.05276
Sell,-100,42.82,118700,43.03466,425500,43.30766,43.05296
Sell,-200,42.82,118500,43.0343,425700,43.30743,43.05335
Sell,-100,42.82,118400,43.03412,425800,43.30731,43.05355
Sell,-100,42.82,118300,43.03394,425900,43.3072,43.05374
Sell,-100,42.82,118200,43.03376,426000,43.30708,43.05394
Sell,-100,42.82,118100,43.03358,426100,43.30697,43.05414
Sell,-100,42.82,118000,43.0334,426200,43.30686,43.05434
Sell,-100,42.82,117900,43.03322,426300,43.30674,43.05454
Sell,-100,42.82,117800,43.03303,426400,43.30663,43.05474
Sell,-100,42.82,117700,43.03285,426500,43.30651,43.05494
Sell,-500,42.82,117200,43.03195,427000,43.30594,43.05594
Sell,-100,42.81,117100,43.03176,427100,43.30583,43.05615
Sell,-100,42.81,117000,43.03158,427200,43.30571,43.05636
Sell,-400,42.81,116600,43.03082,427600,43.30525,43.0572
Sell,-500,42.82,116100,43.02992,428100,43.30468,43.05822
Sell,-100,42.82,116000,43.02974,428200,43.30457,43.05843
Sell,-300,42.82,115700,43.0292,428500,43.30423,43.05905
Sell,-100,42.82,115600,43.02902,428600,43.30412,43.05926
Sell,-100,42.82,115500,43.02884,428700,43.304,43.05946
Sell,-200,42.82,115300,43.02848,428900,43.30378,43.05988
Sell,-600,42.85,114700,43.02755,429500,43.30314,43.06098
Sell,-700,42.86,114000,43.02654,430200,43.30242,43.06221
Sell,-600,42.89,113400,43.02582,430800,43.30185,43.06312
Sell,-400,42.9,113000,43.02538,431200,43.30147,43.0637
Sell,-100,42.9,112900,43.02527,431300,43.30138,43.06384
Sell,-100,42.9,112800,43.02516,431400,43.30129,43.06399
Sell,-100,42.89,112700,43.02504,431500,43.30119,43.06414
Sell,-100,42.89,112600,43.02492,431600,43.3011,43.0643
Sell,-100,42.89,112500,43.0248,431700,43.301,43.06445
Sell,-400,42.89,112100,43.02432,432100,43.30062,43.06507
Sell,-700,42.88,111400,43.02342,432800,43.29994,43.06624
Sell,-600,42.88,110800,43.02266,433400,43.29936,43.06725
Sell,-600,42.9,110200,43.022,434000,43.29881,43.06816
Sell,-500,42.89,109700,43.0214,434500,43.29834,43.06897
Sell,-100,42.89,109600,43.02128,434600,43.29824,43.06913
Sell,-100,42.93,109500,43.0212,434700,43.29816,43.06926
Sell,-100,42.93,109400,43.02111,434800,43.29807,43.06939
Sell,-200,42.93,109200,43.02095,435000,43.29791,43.06964
Sell,-300,42.93,108900,43.0207,435300,43.29765,43.07003
Sell,-300,42.92,108600,43.02042,435600,43.29739,43.07044
Sell,-100,42.92,108500,43.02033,435700,43.29731,43.07058
Sell,-100,42.92,108400,43.02024,435800,43.29722,43.07072
Sell,-200,42.92,108200,43.02005,436000,43.29705,43.071
Sell,-600,42.94,107600,43.01961,436600,43.29655,43.07173
Sell,-600,42.94,107000,43.01917,437200,43.29607,43.07247
Sell,-300,42.95,106700,43.01898,437500,43.29583,43.07281
Sell,-700,42.94,106000,43.01846,438200,43.29526,43.07369
Sell,-100,42.96,105900,43.01841,438300,43.29518,43.07379
Sell,-200,42.96,105700,43.0183,438500,43.29503,43.07401
Sell,-300,42.94,105400,43.01807,438800,43.29479,43.07439
Sell,-300,42.94,105100,43.01785,439100,43.29455,43.07478
Sell,-600,42.95,104500,43.01747,439700,43.29408,43.07549
Sell,-700,42.94,103800,43.01695,440400,43.29351,43.07641
Sell,-300,42.92,103500,43.01667,440700,43.29326,43.07686
Sell,-300,42.92,103200,43.01639,441000,43.293,43.07731
